index:ID,actor,:LABEL
30001,约翰·克莱夫,演员
30002,梅田凡乃,演员
30003,科瑞·雷诺兹,演员
30004,Doug DeMaster,演员
30005,埃迪·琼斯,演员
30006,键本景子,演员
30007,巴里·沙巴卡·亨利,演员
30008,罗伯特·卡拉丁,演员
30009,树木希林,演员
30010,兰迪·奎德,演员
30011,肯尼思·洛纳根,演员
30012,梅根·盖尔,演员
30013,Judy Wyler,演员
30014,罗杰·阿拉姆,演员
30015,梅里拉·扎雷伊,演员
30016,克里斯托弗·马利基,演员
30017,詹妮弗·加纳,演员
30018,尹治,演员
30019,唐纳德·富利洛夫,演员
30020,迈克尔·埃斯佩尔,演员
30021,吕菲斯,演员
30022,张国荣,演员
30023,永井一郎,演员
30024,布拉德·皮特,演员
30025,Michael Simkins,演员
30026,鲁迪·邦德,演员
30027,安库塔·布雷班,演员
30028,大卫·布里斯宾,演员
30029,马蒂亚斯·勃兰特,演员
30030,反田孝幸,演员
30031,Lisa Summerour,演员
30032,艾莉森·洛曼,演员
30033,吉莉安·艾尔-卡迪,演员
30034,路德韦格·布洛克伯格,演员
30035,朱茵,演员
30036,史提文科兹洛夫斯基,演员
30037,温迪·李,演员
30038,程淑艳,演员
30039,Dick Botiller,演员
30040,卡尔·厄本,演员
30041,Michael Edwards,演员
30042,罗伯塔·蕾娜,演员
30043,阿方索·阿雷奥,演员
30044,法纳·莫科纳,演员
30045,比尔·哈德尔,演员
30046,莱安德鲁·菲尔米诺,演员
30047,马吉·汉,演员
30048,阿尔贝托·索尔迪,演员
30049,Barry Norton,演员
30050,苏珊·波尔法,演员
30051,杰米·福克斯,演员
30052,理查德·文彻,演员
30053,康查塔·费雷尔,演员
30054,克劳迪·布莱克利,演员
30055,杰森·席格尔,演员
30056,马克·多兹劳,演员
30057,白石绫乃,演员
30058,戴布思·格里尔,演员
30059,托马斯·阿诺德,演员
30060,山寺宏一,演员
30061,赵志凌,演员
30062,蔡鸿翔,演员
30063,柳叶敏郎,演员
30064,彼特·道格特,演员
30065,Maurice Brierre,演员
30066,罗伯特·卡普荣,演员
30067,安迪·莱什利兹,演员
30068,维尔·博登,演员
30069,蕾雅·赛杜,演员
30070,泽索特·萨法尔·科夫卡,演员
30071,斯蒂芬·托布罗斯基,演员
30072,水桥研二,演员
30073,费米·依鲁福祖,演员
30074,约翰·斯坦丁,演员
30075,杜奕衡,演员
30076,唐纳德·奥康纳,演员
30077,佩内洛普·安·米勒,演员
30078,倍赏千惠子,演员
30079,拜伦·明斯,演员
30080,大卫·埃伯利斯,演员
30081,郑佩佩,演员
30082,博曼·伊拉尼,演员
30083,罗素·克劳,演员
30084,寺杣昌纪,演员
30085,约翰·巴里摩尔,演员
30086,Claudio Ermelli,演员
30087,蕾妮·盖耶,演员
30088,皮埃尔·柯芬,演员
30089,马丁·伊斯特,演员
30090,詹姆斯·诺斯科特,演员
30091,梅根·帕克,演员
30092,约翰·迪·玛吉欧,演员
30093,萨姆·沃辛顿,演员
30094,伊恩·莫利·梅尔德伦,演员
30095,弗吉尼亚·切瑞尔,演员
30096,内森·连恩,演员
30097,亚尼·卡普,演员
30098,路易丝·勒莫瓦纳·托雷斯,演员
30099,丁仲,演员
30100,迪普·罗伊,演员
30101,伊迪·迈克莱尔,演员
30102,诺娜·加耶,演员
30103,高木均,演员
30104,刘帅良,演员
30105,王峰,演员
30106,斯特兰·斯卡斯加德,演员
30107,马特·凯里,演员
30108,埃丽萨·莫鲁奇,演员
30109,卢顿·万恩怀特三世,演员
30110,Vittoria Crispo,演员
30111,佛罗伦斯·李,演员
30112,迈克尔·斯托扬诺夫,演员
30113,托尔斯滕·米凯利斯,演员
30114,梅·维贾,演员
30115,简妮·布鲁克,演员
30116,奥古斯特·迪赫,演员
30117,尤娜·奥康纳,演员
30118,林威,演员
30119,内特·朗,演员
30120,W·本森·泰瑞,演员
30121,希尔·亚齐丹巴克什,演员
30122,安·吉利斯,演员
30123,黄汉琪,演员
30124,约翰·沃德斯塔德,演员
30125,刘兆铭,演员
30126,拉斯·兰特,演员
30127,Dorothy Jeakins,演员
30128,谷原章介,演员
30129,希瑟·孟席斯-尤里克,演员
30130,海莉·乔安妮·培根,演员
30131,基诺科拉多,演员
30132,凯西·贝克,演员
30133,艾丹·吉伦,演员
30134,菅原文太,演员
30135,杰克·尼科尔森,演员
30136,乔雅·福克斯,演员
30137,崔西·沃特,演员
30138,Mandy-Rae Cruikshank,演员
30139,Piero Pastore,演员
30140,埃里克·罗伯茨,演员
30141,约翰·帕特里克·阿梅多利,演员
30142,丸山裕子,演员
30143,法妮·布雷特,演员
30144,朱丽·沃特斯,演员
30145,派翠西娅·克拉克森,演员
30146,西恩·托马斯,演员
30147,马塞洛·马斯楚安尼,演员
30148,爱德华德·弗莱彻,演员
30149,乔伊芙·拉文,演员
30150,钟楚红,演员
30151,约翰·斯拉特里,演员
30152,入野自由,演员
30153,巴哈·帕斯,演员
30154,石仓三郎,演员
30155,本·里德,演员
30156,琳赛·邓肯,演员
30157,杰曼·翰苏,演员
30158,春川真澄,演员
30159,埃尔登·汉森,演员
30160,玛丽莎·贾里特·威诺克,演员
30161,梅拉尼·罗兰,演员
30162,查理兹·塞隆,演员
30163,Svilena Kidess,演员
30164,糸博,演员
30165,罗伯特·卡莱尔,演员
30166,梅尔·吉布森,演员
30167,米西·派勒,演员
30168,米凯·麦高万,演员
30169,金正泰,演员
30170,埃达·英格薇,演员
30171,商店一野,演员
30172,波林·林奇,演员
30173,高保成,演员
30174,Gregory Gaye,演员
30175,英若诚,演员
30176,Robert Winkler,演员
30177,波拉·庞德斯通,演员
30178,柯特伍德·史密斯,演员
30179,汤米·钟,演员
30180,江原由希子,演员
30181,克里斯蒂娜·亨德里克斯,演员
30182,戈尔·维达尔,演员
30183,阿里·利伯特,演员
30184,尼克·格里姆肖,演员
30185,科林·帕特里克·林奇,演员
30186,玛丽亚·彭斯卡娅,演员
30187,大卫·詹森,演员
30188,坂本千夏,演员
30189,理查德·康特,演员
30190,弗兰西丝·康罗伊,演员
30191,格拉汉姆·贝克尔,演员
30192,Luciano Federico,演员
30193,汤姆·德尔玛,演员
30194,伊丽莎白·汉克斯,演员
30195,安德烈·达芒,演员
30196,乔希·达拉斯,演员
30197,唐·雷克,演员
30198,叶玉卿,演员
30199,尼克·西塞,演员
30200,田野惠,演员
30201,志村乔,演员
30202,尼克·卡特,演员
30203,王迅,演员
30204,特里斯坦·马丁,演员
30205,罗比·布赖恩,演员
30206,约翰·斯宾塞,演员
30207,维拉·迈尔斯,演员
30208,哈里·斯塔布斯,演员
30209,迪恩·诺里斯,演员
30210,爱德华·宾斯,演员
30211,南香织,演员
30212,海伦·麦克洛瑞,演员
30213,Geoffrey Steele,演员
30214,蒙蒂·布卢,演员
30215,木村功,演员
30216,全慧珍,演员
30217,山口胜平,演员
30218,波希娅·纳尔逊,演员
30219,赫伯特·埃文斯,演员
30220,欧嘉·梅雷迪斯,演员
30221,Behzad Rafi,演员
30222,欧姆·普瑞,演员
30223,迈克尔·法斯宾德,演员
30224,加贺麻理子,演员
30225,福松进纱,演员
30226,乔·佩西,演员
30227,卡尔利斯·布克,演员
30228,凡妮莎·柯比,演员
30229,迈克尔·阿登,演员
30230,约翰·齐甘,演员
30231,马克斯·冯·叙多夫,演员
30232,梁家仁,演员
30233,露口茂,演员
30234,孙靖,演员
30235,木村飞影,演员
30236,贾登·史密斯,演员
30237,千叶繁,演员
30238,Fred Malatesta,演员
30239,薛耿求,演员
30240,克洛蒂尔德·莫勒,演员
30241,杰克·克卢格曼,演员
30242,铃木玲子,演员
30243,玛琳·黛德丽,演员
30244,内藤玲,演员
30245,Tex Cooper,演员
30246,达蒙·冈普顿,演员
30247,鲍勃·冈顿,演员
30248,Hardy Jones,演员
30249,卡塔琳娜·舒特勒,演员
30250,亨弗莱·鲍嘉,演员
30251,威廉姆·李·斯科特,演员
30252,朴真珠,演员
30253,左小青,演员
30254,Don Stanton,演员
30255,米特·洛夫,演员
30256,保拉·布鲁布尼,演员
30257,奥克塔维·索利斯,演员
30258,弗利,演员
30259,玛吉·史密斯,演员
30260,珍妮·莱恩斯福德,演员
30261,筒井康隆,演员
30262,Michael Eliopoulos,演员
30263,关户优希,演员
30264,热拉尔·朱尼奥,演员
30265,Jimmy Flynn,演员
30266,凯特·温丝莱特,演员
30267,马可·斯格罗索,演员
30268,凯丽·华盛顿,演员
30269,芮妮·布莱恩,演员
30270,E.G.马绍尔,演员
30271,莫伊拉·凯利,演员
30272,斯科特·费恩斯特罗姆,演员
30273,贾森·加里-斯坦福德,演员
30274,肯·梁,演员
30275,吉娜·罗兰兹,演员
30276,乔治·普林普顿,演员
30277,丹尼斯·安德森,演员
30278,布兰达·布莱斯,演员
30279,大卫·博维尔,演员
30280,藤原薰,演员
30281,Rod Myers,演员
30282,Marie-Anne Fliegel,演员
30283,纳塔莉·贝伊,演员
30284,艾德里安·布洛迪,演员
30285,吴达洙,演员
30286,Gaetano Aronica,演员
30287,凯特·布兰切特,演员
30288,卡拉·海沃德,演员
30289,Eric Wilton,演员
30290,马修斯·纳克加勒,演员
30291,法布里奇奥·范特,演员
30292,林凡,演员
30293,迪娜·迈耶,演员
30294,莫里斯·拉马奇,演员
30295,珍·哈露,演员
30296,默罕默德·阿米尔·纳吉,演员
30297,劳拉·帕克,演员
30298,Connie Emerald,演员
30299,哈基姆·凯-卡西姆,演员
30300,劳伦·斯卡法莉娅,演员
30301,澳澜·琼斯,演员
30302,乔尔·麦克拉里,演员
30303,斯科特·克拉斯,演员
30304,邵胜杰,演员
30305,托玛斯·博·拉森,演员
30306,保罗·巴特尔,演员
30307,周星驰,演员
30308,竹下景子,演员
30309,彼得·曼斯布里奇,演员
30310,杰森·贝特曼,演员
30311,宫内幸平,演员
30312,安东尼奥·普雷斯特,演员
30313,路易丝·弗莱彻,演员
30314,赵牡丹,演员
30315,安德鲁·博尔巴,演员
30316,贝拉·费斯彼姆,演员
30317,凯瑟琳·弗里曼,演员
30318,卡琳娜·隆巴德,演员
30319,蒂姆·皮戈特-史密斯,演员
30320,阿尔多,演员
30321,马克·莱昂纳蒂,演员
30322,艾伦·吉福德,演员
30323,金伯利·坎贝尔,演员
30324,吉米·米斯特雷,演员
30325,黄一山,演员
30326,兰尼·蒙大拿,演员
30327,温迪·古逊,演员
30328,雪莉·琳恩,演员
30329,白承焕,演员
30330,尹秀晶,演员
30331,克萝丽丝·利奇曼,演员
30332,米歇尔·梅斯默,演员
30333,詹姆斯·海登,演员
30334,阿尔梅尔,演员
30335,Frank Mitchell,演员
30336,阿彦·汗,演员
30337,蒂莫西·柴勒梅德,演员
30338,李太力,演员
30339,卡斯·莱蒙斯,演员
30340,贝塔尼·维特莫尔,演员
30341,赫尔曼·德·席尔瓦,演员
30342,克林特·伊斯特伍德,演员
30343,丁羽,演员
30344,名古屋章,演员
30345,埃罗尔·弗林,演员
30346,Olaf Hytten,演员
30347,洪其德,演员
30348,理查德·赫德曼,演员
30349,伊桑·桑德勒,演员
30350,迪克·史迪威,演员
30351,吉奥瓦尼·瑞比西,演员
30352,金秀安,演员
30353,肖聪,演员
30354,林孟瑾,演员
30355,大卫·维格,演员
30356,大卫·卡耶,演员
30357,陆运坤,演员
30358,迈克尔·基顿,演员
30359,艾瑞克·巴纳,演员
30360,桐岛加恋,演员
30361,本杰明·奥切恩格,演员
30362,吉姆·诺顿,演员
30363,戴维·瑟斯比,演员
30364,莉迪亚·威尔逊,演员
30365,北林谷荣,演员
30366,克里斯托弗·李,演员
30367,哈里·威尔逊,演员
30368,林子聪,演员
30369,鲁珀特·格雷夫斯,演员
30370,香川京子,演员
30371,赛德·查里斯,演员
30372,艾瑞克·林登,演员
30373,赫尔穆特·贝格,演员
30374,Charles McNaughton,演员
30375,克里斯蒂安·贝尔,演员
30376,塞斯·盖贝尔,演员
30377,余贵美子,演员
30378,托德·路易斯,演员
30379,黄健玮,演员
30380,马修·麦克费登,演员
30381,格雷斯·卡尔德,演员
30382,休·基斯-拜恩,演员
30383,郑文辉,演员
30384,山姆·洛巴兹,演员
30385,卢达克里斯,演员
30386,卡罗琳·阿隆,演员
30387,Henry Rowland,演员
30388,王梓尘,演员
30389,彼得·安东尼·唐伯蒂斯,演员
30390,妲露拉·莱莉,演员
30391,爱利克·赫尔曼,演员
30392,刘天池,演员
30393,布莱恩·科兰斯顿,演员
30394,佐伊·贝尔,演员
30395,埃里克·安德伍德,演员
30396,津贺有子,演员
30397,前田旺志郎,演员
30398,林耀祺,演员
30399,赫尔穆特·巴凯蒂斯,演员
30400,鲍比·莫尼汉,演员
30401,安德鲁·塞伦,演员
30402,马特·狄龙,演员
30403,埃利亚斯·穆巴里克,演员
30404,理查·基尔,演员
30405,陆树铭,演员
30406,榊原良子,演员
30407,詹妮弗·乌尔里希,演员
30408,马珂,演员
30409,克里夫·欧文,演员
30410,哈利·戴恩·斯坦通,演员
30411,李梓,演员
30412,卡洛琳·赫弗斯,演员
30413,陈慧琳,演员
30414,李·诺里斯,演员
30415,兰迪·汤姆,演员
30416,约书亚·哈尔托,演员
30417,夏川结衣,演员
30418,安东尼·布兰登·黄,演员
30419,安妮特·贝宁,演员
30420,唐如韫,演员
30421,渡边谦,演员
30422,新山志保,演员
30423,丹尼·努齐,演员
30424,马蒂亚斯·哈比希,演员
30425,约什·汉密尔顿,演员
30426,罗宾·奈文,演员
30427,Joji Morishita,演员
30428,海尼·康克林,演员
30429,甄子丹,演员
30430,西蒙·伍兹,演员
30431,玛丽埃塔·耶米,演员
30432,京田尚子,演员
30433,童自荣,演员
30434,克里斯托弗·马西,演员
30435,肖恩·菲茨吉本,演员
30436,埃琳诺·帕克,演员
30437,胡大为,演员
30438,卡瑞尔·罗登,演员
30439,大卫·沃尔,演员
30440,迈尔斯·特勒,演员
30441,Michael Ienna,演员
30442,拉兹·阿隆索,演员
30443,奥莎娜·阿金什那,演员
30444,罗伯·莫洛,演员
30445,海伦娜·伯翰·卡特,演员
30446,顾锦华,演员
30447,加里·奥德曼,演员
30448,杨奇雨,演员
30449,海塔·塞德拉·伊扎姆,演员
30450,郑满植,演员
30451,文森特·普莱斯,演员
30452,蔡卫东,演员
30453,凯文·史派西,演员
30454,凯瑟琳·纽顿,演员
30455,菅谷政子,演员
30456,Trude Berliner,演员
30457,威廉姆·西尔维斯特,演员
30458,范文雀,演员
30459,菲利普·麦格雷德,演员
30460,莫苏西·麦格诺,演员
30461,阿尔巴·罗尔瓦赫尔,演员
30462,迪·沃伦斯,演员
30463,琼·艾伦,演员
30464,约翰·特拉沃尔塔,演员
30465,威廉·弗西斯,演员
30466,诺伯特·魏塞尔,演员
30467,左正芬,演员
30468,克齐斯茨托夫·拉夫特,演员
30469,丹尼尔·里希特,演员
30470,李顺载,演员
30471,森光子,演员
30472,乔纳·福尔肯,演员
30473,李·科布,演员
30474,井上和彦,演员
30475,阿尔贝托·莫林,演员
30476,Spencer Chan,演员
30477,詹姆斯·凯伦,演员
30478,奥斯汀·斯托维尔,演员
30479,Colin Campbell,演员
30480,徐峥,演员
30481,乔治·沃斯科维奇,演员
30482,Mark Phoenix,演员
30483,乌玛·瑟曼,演员
30484,奥利维亚·库克,演员
30485,肯尼斯·威尔什,演员
30486,乔什·哈奈特,演员
30487,陈凯师,演员
30488,张柏芝,演员
30489,布莱思·丹纳,演员
30490,林鸿铭,演员
30491,詹森·艾萨克,演员
30492,凯茜·纳基麦,演员
30493,爱德华·阿斯纳,演员
30494,彼得·洛迈尔,演员
30495,马修·戈尔德,演员
30496,托弗·戈瑞斯,演员
30497,王福,演员
30498,皮拉瓦特·赫拉巴特,演员
30499,基努·里维斯,演员
30500,尾上绫华,演员
30501,凯尔·布瑞特科夫,演员
30502,玛丽·布奈尔,演员
30503,Madge Blake,演员
30504,夏雨,演员
30505,杜满生,演员
30506,张良斌,演员
30507,杰克·富尔顿,演员
30508,克里斯托弗·沃肯,演员
30509,西里尔·伯尔尼科特,演员
30510,托马·索利韦尔,演员
30511,吉姆·布劳德本特,演员
30512,贾世忠,演员
30513,卡罗丽娜·维拉·斯克利亚,演员
30514,考特尼·伊顿,演员
30515,萨日娜·法哈蒂,演员
30516,朱利安·阿拉汗加,演员
30517,George Dee,演员
30518,苏珊·萨兰登,演员
30519,朱迪·福斯特,演员
30520,迪伦·贝克,演员
30521,大卫·布拉德利,演员
30522,瑞内·菲利斯·史密斯,演员
30523,胡军,演员
30524,马克·伊瓦涅,演员
30525,林子善,演员
30526,拉斯·鲍威尔,演员
30527,三吉彩花,演员
30528,苏千越,演员
30529,姚二嘎,演员
30530,乔纳·希尔,演员
30531,秦沛,演员
30532,亨利·托马斯,演员
30533,梅莉莎·班诺伊,演员
30534,古川惠实子,演员
30535,朱莉·福塞斯,演员
30536,朴信惠,演员
30537,Enrique Acosta,演员
30538,约瑟夫·斯科拉,演员
30539,汤姆·斯托顿,演员
30540,摩根·弗里曼,演员
30541,芳妮·A·钱勃丝,演员
30542,索菲亚·撒高,演员
30543,吉安卡尔洛·科森蒂诺,演员
30544,约翰·威廉·高尔特,演员
30545,尼克·莫兰,演员
30546,基根·麦金托什,演员
30547,特里特·威廉斯,演员
30548,胡贝贝,演员
30549,弗洛拉·诺兰,演员
30550,维比什·希瓦库玛,演员
30551,神山卓三,演员
30552,斯蒂菲·格罗特,演员
30553,曾江,演员
30554,板仓光隆,演员
30555,罗伯特·马莫内,演员
30556,马丁·辛,演员
30557,乔·潘托里亚诺,演员
30558,刘洵,演员
30559,Hayato Sakurai,演员
30560,奥黛丽·赫本,演员
30561,任达华,演员
30562,霍华德·C·希克曼,演员
30563,志田未来,演员
30564,克里斯·桑德斯,演员
30565,何文辉,演员
30566,苏珊·布洛马特,演员
30567,马可·贾利尼,演员
30568,井川比佐志,演员
30569,翟巍,演员
30570,乔尔·克莱默,演员
30571,Kirk Krack,演员
30572,杉村春子,演员
30573,托尼·夏尔赫布,演员
30574,高乃丽,演员
30575,王琄,演员
30576,雷·沃纳尔,演员
30577,克里斯托弗·卡比,演员
30578,冀朝理,演员
30579,Timmy Hawkins,演员
30580,尼克·卡萨维茨,演员
30581,达斯汀·霍夫曼,演员
30582,麦凯尔泰·威廉逊,演员
30583,阿诺·施瓦辛格,演员
30584,王仕颖,演员
30585,乔纳森·吉尔,演员
30586,马修·布罗德里克,演员
30587,阿德沃尔·阿吉纽依-艾格拜吉,演员
30588,山崎努,演员
30589,布雷南·布朗,演员
30590,卢金城,演员
30591,巴特熊,演员
30592,阿非莫·奥米拉,演员
30593,郎雄,演员
30594,Stuart Lancaster,演员
30595,唐尼·沃尔伯格,演员
30596,彼特·丁拉基,演员
30597,伊格纳齐奥·巴尔萨莫,演员
30598,里德·彭尼,演员
30599,西德尼·拉斯克,演员
30600,蔡颖恩,演员
30601,邵兵,演员
30602,安东尼·迈克尔·豪尔,演员
30603,爱德华·诺顿,演员
30604,萨曼塔·马霍林,演员
30605,Zuzana Monroe,演员
30606,贝恩·科拉科,演员
30607,马拉·苏查雷特扎,演员
30608,李桂贤,演员
30609,乔·曼宁,演员
30610,理查德·吴,演员
30611,凯拉·奈特莉,演员
30612,伊万·麦克格雷格,演员
30613,Fereshte Sarabandi,演员
30614,钟绍图,演员
30615,基里安·墨菲,演员
30616,苏菲·玛索,演员
30617,柯克·鲍兹,演员
30618,恩里奇·雷德曼,演员
30619,家弓家正,演员
30620,迪米特里·格里特萨斯,演员
30621,渡边哲,演员
30622,乔治·马丁,演员
30623,连姆·尼森,演员
30624,乔什·平茨,演员
30625,梅利莎·乔治,演员
30626,纳瓦祖丁·席迪圭,演员
30627,瓦内萨·马赛尔,演员
30628,Luigi De Luca,演员
30629,河正宇,演员
30630,路易·茹韦,演员
30631,查尔斯·丹斯,演员
30632,查理·哈纳,演员
30633,乔·柯布登,演员
30634,艾玛·特伦布莱,演员
30635,玛丽·佩里,演员
30636,关弘子,演员
30637,安德鲁·斯科特,演员
30638,卡洛尔·奈,演员
30639,吕齐,演员
30640,乔纳森·菲利普斯,演员
30641,Luigi Moneta,演员
30642,Pat Flaherty,演员
30643,亚丽姗卓·全,演员
30644,菲利普·塞默·霍夫曼,演员
30645,卡罗琳·皮克曼,演员
30646,沈慧芬,演员
30647,瑞秋·卡帕尼,演员
30648,麦克·辛,演员
30649,Tom Riis Farrell,演员
30650,杰弗·卡伦,演员
30651,沙拉万提·塞纳特,演员
30652,瑙玛·希拉,演员
30653,艾斯特·加瑞尔,演员
30654,布里吉特·芳达,演员
30655,朱诺·坦普尔,演员
30656,田中庆太,演员
30657,基恩·鲁弗洛,演员
30658,里特维克·萨霍里,演员
30659,John Power,演员
30660,水谷优子,演员
30661,乔什·帕斯,演员
30662,文森特·卡索,演员
30663,罗家英,演员
30664,史蒂芬·柯林斯,演员
30665,迈克·克拉克·邓肯,演员
30666,小林桂树,演员
30667,纳撒尼尔·布佐尼克,演员
30668,狄迪尔·弗拉蒙,演员
30669,西格妮·韦弗,演员
30670,安德烈·瑟韦林,演员
30671,朱自清,演员
30672,查尔斯·劳顿,演员
30673,让-保罗·博奈雷,演员
30674,凯伦·皮特曼,演员
30675,加古临王,演员
30676,大谷育江,演员
30677,茱莉亚·蕾娜,演员
30678,派屈克·福吉特,演员
30679,胜沼纪义,演员
30680,耿乐,演员
30681,芭芭拉·赫希,演员
30682,迈克尔·菲奥里,演员
30683,辛·劳洛,演员
30684,约翰·赫特,演员
30685,弗兰塞斯克·奥雷利亚,演员
30686,李凯莉,演员
30687,利亚姆·海姆斯沃斯,演员
30688,丽娜·维特,演员
30689,莎拉·海伊,演员
30690,吉米娅·侯赛伊妮,演员
30691,王堃,演员
30692,桂歌若,演员
30693,汤姆·麦卡穆斯,演员
30694,约翰·瑞斯-戴维斯,演员
30695,朱莉·安德鲁斯,演员
30696,凯瑟琳·泽塔-琼斯,演员
30697,凯瑟琳·斯戴曼,演员
30698,马精武,演员
30699,席尔帕.舒克拉,演员
30700,艾伦妮·泰,演员
30701,乔什·赫尔曼,演员
30702,迈克尔·维约,演员
30703,玛丽·萧克莱,演员
30704,赖梵耘,演员
30705,马丁·贾维斯,演员
30706,拉利塔·拉伊米,演员
30707,诺尔·古格雷米,演员
30708,杨贵媚,演员
30709,高桥努,演员
30710,尼古拉斯·丹尼尔·冈萨雷斯,演员
30711,花村怜美,演员
30712,尼尔·萨默斯,演员
30713,迈克尔·博尔顿,演员
30714,范·迪塞尔,演员
30715,本·门德尔森,演员
30716,Vanni Bramati,演员
30717,艾丽卡·里瓦斯,演员
30718,萨谢·英吉尼尔,演员
30719,斯蒂芬·瑞,演员
30720,原田知世,演员
30721,安妮卡·韦德科普,演员
30722,约书亚·麦基弗,演员
30723,克莱·卡伦,演员
30724,詹妮弗·提莉,演员
30725,別所哲也,演员
30726,詹姆斯·惠特摩,演员
30727,Frieder Venus,演员
30728,艾丽·范宁,演员
30729,米拉·库尼斯,演员
30730,斯科特·富兰克林,演员
30731,Louis Natheaux,演员
30732,Paul Watson,演员
30733,马特·多兰,演员
30734,查兹·帕尔明特瑞,演员
30735,金·多诺万,演员
30736,A. Cameron Grant,演员
30737,堤真一,演员
30738,索尼娅·布拉加,演员
30739,阿诺德·沃斯洛,演员
30740,诺玛·威登,演员
30741,安古斯·麦克菲登,演员
30742,迈克尔·爱默生,演员
30743,杰克·托马斯,演员
30744,乔伊·兰辛,演员
30745,卡萨尔·艾尔·哈达德,演员
30746,罗布·许贝尔,演员
30747,李健仁,演员
30748,李健兴,演员
30749,马丁·加拉拉加,演员
30750,杜桑恩·杜基齐,演员
30751,诺埃尔·达扎尔,演员
30752,伯恩·戈曼,演员
30753,詹姆斯·肯恩,演员
30754,布兰卡·马丁内斯,演员
30755,马克·迈尔斯,演员
30756,扎克·格雷尼尔,演员
30757,托尼·雷沃罗利,演员
30758,塞巴斯蒂安·斯坦,演员
30759,Yota Argyropoulou,演员
30760,Ilka Grüning,演员
30761,田启文,演员
30762,艾米·波勒,演员
30763,塔莉娅·夏尔,演员
30764,丹尼斯·法里纳,演员
30765,基思·艾伦,演员
30766,乔榛,演员
30767,唐·麦克马纳斯,演员
30768,艾德·哈里斯,演员
30769,鲁伯特·弗兰德,演员
30770,朱塞佩·托纳多雷,演员
30771,葛丽泰·嘉宝,演员
30772,鲍皓昕,演员
30773,诸慧荷,演员
30774,迈克·巴特斯,演员
30775,文森特·沃尔什,演员
30776,杜汶泽,演员
30777,罗里·奥谢,演员
30778,艾瑞克·布里登,演员
30779,吉尔·科德斯,演员
30780,洛克兰·艾肯,演员
30781,Riad Galayini,演员
30782,佩内洛普·威尔顿,演员
30783,奥利弗布莱克,演员
30784,宋智孝,演员
30785,詹姆斯·恩布里,演员
30786,陈辉虹,演员
30787,詹姆斯·霍西,演员
30788,艾莉森·珍妮,演员
30789,欧仁·贝蒂埃,演员
30790,克劳迪奥·阿方西,演员
30791,本·阿弗莱克,演员
30792,马修·麦康纳,演员
30793,莫瑞·史特林,演员
30794,帕特里克·赫辛格,演员
30795,元秋,演员
30796,塔索斯·史蒂文斯,演员
30797,约翰·奎尔伦,演员
30798,凯文·韦斯曼,演员
30799,黛比·雷诺斯,演员
30800,里卡多·达林,演员
30801,井之胁海,演员
30802,Dilva Henry,演员
30803,Frank Moran,演员
30804,珍妮特·利,演员
30805,吴淑琨,演员
30806,迪诺·法赞尼,演员
30807,安娜-莱娜·布伦丁,演员
30808,吉尔·贝罗斯,演员
30809,乌尔里希·图库尔,演员
30810,黛安·克鲁格,演员
30811,菲尔·约翰斯顿,演员
30812,费振翔,演员
30813,娜塔丽·特纳,演员
30814,爱德华·伯恩斯,演员
30815,皮特·沃恩,演员
30816,纳谷悟朗,演员
30817,卡斯·安瓦尔,演员
30818,艾比·考尼什,演员
30819,热拉尔·德帕迪约,演员
30820,弗农·多布切夫,演员
30821,布尔维尔,演员
30822,Steve Carruthers,演员
30823,艾尔西·费舍尔,演员
30824,莱奥波多·特里耶斯泰,演员
30825,安娜·奥菲丽亚·莫吉亚,演员
30826,崔岷植,演员
30827,Gerald Oliver Smith,演员
30828,丽塔·莫雷诺,演员
30829,汉娜·弗林,演员
30830,萨哈巴努·佐哈多,演员
30831,布伦丹·凯利,演员
30832,多里·曼佐尔,演员
30833,劳伦斯·菲什伯恩,演员
30834,白冰,演员
30835,丽塔·科尔泰塞,演员
30836,劳埃德·英格拉哈姆,演员
30837,凯瑟·斯内德,演员
30838,杰克·巴农,演员
30839,马修·奥尼尔,演员
30840,本·卫肖,演员
30841,马特·达蒙,演员
30842,芦田爱菜,演员
30843,克里斯托弗·加廷,演员
30844,卡夏·斯穆特尼亚克,演员
30845,罗恩·沃斯,演员
30846,希瑟·乔伊·谢尔,演员
30847,姜秀琼,演员
30848,矢田稔,演员
30849,加里·西尼斯,演员
30850,八奈见乘儿,演员
30851,汉尼斯·赫尔曼,演员
30852,安德烈提多娜,演员
30853,王学圻,演员
30854,陈强,演员
30855,拜伦·霍华德,演员
30856,坦图·卡丁诺,演员
30857,拉里·霍尔登,演员
30858,今敏,演员
30859,瑞奇·摩尔,演员
30860,平坦,演员
30861,茅斯·达夫,演员
30862,加利·艾尔维斯,演员
30863,陈庆航,演员
30864,安格斯·桑普森,演员
30865,小威廉·威谢尔,演员
30866,Gilbert Emery,演员
30867,陈冲,演员
30868,马修·刘易斯,演员
30869,后藤弘树,演员
30870,蒂娜·斯隆,演员
30871,凯特·玛拉,演员
30872,凯莉·库恩,演员
30873,哈莎莉·马洛特拉,演员
30874,布尔·斯蒂尔斯,演员
30875,兰德尔·斯莱文,演员
30876,哈罗德·G·赫瑟姆,演员
30877,约翰·古德曼,演员
30878,马占林,演员
30879,丹妮尔·布里瑟布瓦,演员
30880,弗雷德里克·劳,演员
30881,金志映,演员
30882,让·德尔瓦尔,演员
30883,彼得·布罗科,演员
30884,沙拉蒂·瑟斯纳,演员
30885,彼得·道博森,演员
30886,井手博士,演员
30887,三浦友和,演员
30888,托宾·贝尔,演员
30889,萧淑慎,演员
30890,霍卫民,演员
30891,马特·罗斯,演员
30892,阿尔弗雷德·莫里纳,演员
30893,泰莉莎·帕尔墨,演员
30894,艾玛·朗,演员
30895,塞尔日·梅兰,演员
30896,科特·博伊斯,演员
30897,丹尼尔·戴维斯,演员
30898,威廉姆·赛德勒,演员
30899,帕迪·康斯戴恩,演员
30900,布鲁克·史密斯,演员
30901,酒井美纪,演员
30902,马库斯·钟,演员
30903,布兰登·萨克斯顿,演员
30904,龙田直树,演员
30905,比利·克鲁德普,演员
30906,胜杏里,演员
30907,莎拉·弗里斯蒂,演员
30908,西妮德·库萨克,演员
30909,彼得·洛,演员
30910,利亚姆·迪金森,演员
30911,马克·阿米约,演员
30912,利昂娜·罗伯特,演员
30913,阿梅德奥·纳扎里,演员
30914,托尼·戈罗奇,演员
30915,罗莎琳德·拉塞尔,演员
30916,折笠富美子,演员
30917,王建新,演员
30918,巴瑞·哈姆弗莱斯,演员
30919,Jack Low,演员
30920,大力,演员
30921,安东尼·拉普,演员
30922,克里斯托弗·琼斯,演员
30923,加里·格兰特,演员
30924,阿曼达·皮特,演员
30925,迪基·奥尔加多,演员
30926,阿曼达·普拉莫,演员
30927,拉塞尔·布兰德,演员
30928,艾丽西亚·奥奇瑟,演员
30929,詹·雅各布,演员
30930,艾米·亚当斯,演员
30931,安娜·李,演员
30932,志乃原良子,演员
30933,马龙·白兰度,演员
30934,张默,演员
30935,玛丽·马凯,演员
30936,Cory Buck,演员
30937,丹尼·文森,演员
30938,克莱尔·特雷弗,演员
30939,塔里克·洛维,演员
30940,陆庆屹,演员
30941,内斯特·卡博内尔,演员
30942,罗温·艾金森,演员
30943,森崎温,演员
30944,肖恩·哈普,演员
30945,尊龙,演员
30946,温翠苹,演员
30947,瑞恩·波特,演员
30948,亚布拉哈姆·本鲁比,演员
30949,马里奥·托迪斯科,演员
30950,托马斯·米切尔,演员
30951,殿山泰司,演员
30952,山野井仁,演员
30953,王笑天,演员
30954,岸本加世子,演员
30955,尼尔·帕特里克·哈里斯,演员
30956,斋藤由香子,演员
30957,埃丽卡·麦基特里克,演员
30958,汤姆·哈迪,演员
30959,迈克尔·马德森,演员
30960,Torben Meyer,演员
30961,吉亚尼·罗素,演员
30962,丹尼·爱罗,演员
30963,克里斯蒂安娜·保罗,演员
30964,岛崎信长,演员
30965,乔安娜·塞勒,演员
30966,米兰达·卡斯格拉夫,演员
30967,亚当·布斯奇,演员
30968,Inez Gorman,演员
30969,伊莫琴·普茨,演员
30970,朱塞佩·苏尔法罗,演员
30971,卡拉·贝尔韦尔,演员
30972,卢克·佩格勒,演员
30973,大卫·塞尔瓦斯,演员
30974,巴里·德尔·舍曼,演员
30975,杰拉·哈斯,演员
30976,夏洛特·查顿,演员
30977,杰弗里·布莱克,演员
30978,宫口精二,演员
30979,布拉德·道里夫,演员
30980,唐娜·杜普兰提尔,演员
30981,杰弗里·泽布尼斯,演员
30982,伊势谷友介,演员
30983,伊桑·霍克,演员
30984,比尔·默瑞,演员
30985,詹妮特·戈德斯坦恩,演员
30986,尼古拉斯·哈蒙德,演员
30987,克蕾曼丝·波西,演员
30988,斯盖拉·阿斯丁,演员
30989,阿瑟·比勒,演员
30990,杰森·亚历山大,演员
30991,洁米·斯贝勒·罗伯茨,演员
30992,理查德·格雷弗斯,演员
30993,桑德拉·布洛克,演员
30994,诺特·阿查拉那·阿瑞亚卫考,演员
30995,马汀·麦格,演员
30996,海伦·海丝,演员
30997,尼克·诺特,演员
30998,塞缪尔·洛德·布莱克,演员
30999,立木文彦,演员
31000,艾伦·里奇,演员
31001,Dick Gordon,演员
31002,布兰登·费舍,演员
31003,汉克·曼,演员
31004,细川典江,演员
31005,艾玛·沃森,演员
31006,丽莎·艾科恩,演员
31007,C·J·威尔逊,演员
31008,Nick Shaid,演员
31009,瑞奇·杰,演员
31010,皮特·波斯尔思韦特,演员
31011,厄尼·萨贝拉,演员
31012,罗伯特·迈尔斯,演员
31013,柯林·麦克法兰,演员
31014,埃文·威尔什,演员
31015,Cecil Reynolds,演员
31016,格伦·菲茨杰拉德,演员
31017,麦肯兹·韦加,演员
31018,玛吉·吉伦哈尔,演员
31019,卡米·金·肯伦,演员
31020,比莉·库克,演员
31021,阿娜·瓦格纳,演员
31022,蕾切儿·哈伍德,演员
31023,蒂尔·施威格,演员
31024,罗姗娜·阿奎特,演员
31025,J·K·西蒙斯,演员
31026,凯文·苏斯曼,演员
31027,托林·撒切尔,演员
31028,西尔莎·罗南,演员
31029,凯西·威尔逊,演员
31030,伊莎贝尔·奥特曼,演员
31031,杰里米·西奥伯德,演员
31032,安·卢瑟福德,演员
31033,理查德·亚历山大,演员
31034,高桥和也,演员
31035,祖萨·霍尔,演员
31036,比吉特·米尼希迈尔,演员
31037,张丰毅,演员
31038,Paul Irving,演员
31039,广濑正志,演员
31040,安德丽·帕里西,演员
31041,罗伯特·奥利维里,演员
31042,扬·拉布森,演员
31043,玛丽·格鲁伯,演员
31044,汤姆·塞兹摩尔,演员
31045,Robert Foulk,演员
31046,亚瑟·麦克拉蒂,演员
31047,孙黎,演员
31048,亚当·肖,演员
31049,爱德华·福隆,演员
31050,凯文·迈克尔·理查德森,演员
31051,马内尔·杜维索,演员
31052,广濑铃,演员
31053,马克斯·毛夫,演员
31054,泰勒·派瑞,演员
31055,卡拉·霍根,演员
31056,尚卡尔·萨查德夫,演员
31057,雅克·贝汉,演员
31058,詹姆斯·杜蒙特,演员
31059,科林·费尔斯,演员
31060,叶夫盖尼·拉扎列夫,演员
31061,丹尼·皮尔斯,演员
31062,Gregory Golubeff,演员
31063,霍斯特·布赫霍尔茨,演员
31064,弗兰西丝·费舍,演员
31065,张天民,演员
31066,梁小龙,演员
31067,克雷格·凯利,演员
31068,约瑟夫·史威尼,演员
31069,凯琳·布瑞特科夫,演员
31070,劳伦斯·斯佩尔曼,演员
31071,艾伦·图代克,演员
31072,迈克尔·英塞恩,演员
31073,弗兰克·贝克,演员
31074,多米尼克·皮侬,演员
31075,Harold Howard,演员
31076,北野诚,演员
31077,宝莲·高黛,演员
31078,Bryan Larkin,演员
31079,汤姆·古德曼-希尔,演员
31080,理查德·哈里斯,演员
31081,张翰,演员
31082,简·哈根,演员
31083,理查德·塞梅尔,演员
31084,克里斯·雷纳德,演员
31085,博鲁瓦蒂夫·特雷杰·班科尔,演员
31086,希斯·莱杰,演员
31087,小达蒙·韦恩斯,演员
31088,阿迪勒·侯赛因,演员
31089,山姆·哈里斯,演员
31090,埃茜·戴维斯,演员
31091,G·D·斯普拉德林,演员
31092,汤米·弗拉纳根,演员
31093,中川玲,演员
31094,塔奈·切赫达,演员
31095,马修·夏普,演员
31096,杰瑞德·莱托,演员
31097,安迪·瑟金斯,演员
31098,南希·杜普拉,演员
31099,丹尼斯·欧哈拉,演员
31100,市原悦子,演员
31101,迈克尔·D·科恩,演员
31102,Carlo Rizzo,演员
31103,Chet Brandenburg,演员
31104,格温达·迪肯,演员
31105,Ken DeVaul,演员
31106,布兰卡·阿拉切利,演员
31107,富永美伊奈,演员
31108,迈克尔·阿伯特,演员
31109,黛博拉·奥夫纳,演员
31110,盖·格林威,演员
31111,安藤绿,演员
31112,禹都临,演员
31113,亨利·基,演员
31114,姜素拉,演员
31115,詹妮弗·艾斯波西多,演员
31116,詹妮弗·康纳利,演员
31117,亚当·戈德堡,演员
31118,于尔根·福格尔,演员
31119,泽利科·伊万内克,演员
31120,坦迪·牛顿,演员
31121,Donna Pieroni,演员
31122,笠智众,演员
31123,布莱恩·克辛格,演员
31124,马丁·鲍尔萨姆,演员
31125,Gail Bonney,演员
31126,酒井敏也,演员
31127,艾恩·格拉法德,演员
31128,中村彰男,演员
31129,述平,演员
31130,康斯坦丁·格雷戈里,演员
31131,Kara Pacitto,演员
31132,Barry Julien,演员
31133,Wyndham Standing,演员
31134,马克·史密斯,演员
31135,吉塔·雷迪,演员
31136,卡维塔帕蒂尔,演员
31137,上白石萌音,演员
31138,伊莎贝尔·朱尔,演员
31139,罗恩·迪恩,演员
31140,米兰达·奥图,演员
31141,约翰·卡西尼,演员
31142,罗美兰,演员
31143,杰弗里·塞尔,演员
31144,阿尤什·坦东,演员
31145,保罗·布里格斯,演员
31146,Adrienne D'Ambricourt,演员
31147,夏恩·希尔,演员
31148,阿兰·弗吉,演员
31149,艾萨克·安德鲁斯,演员
31150,米歇尔·菲佛,演员
31151,高阳,演员
31152,布莱恩·豪威,演员
31153,米歇尔·罗班,演员
31154,马克·斯特朗,演员
31155,吕迪·勒努瓦,演员
31156,夏萍,演员
31157,陈梅生,演员
31158,Stuart McGugan,演员
31159,伊芙·布伦特,演员
31160,哈利韦尔·霍布斯,演员
31161,克里斯·奥唐纳,演员
31162,茹涅·阿斯托尔,演员
31163,鲁本·兰登,演员
31164,索纳利·萨查德夫,演员
31165,丽莎·博伊尔,演员
31166,刘风,演员
31167,格洛丽亚·德黑文,演员
31168,韩英惠,演员
31169,宣萱,演员
31170,Paul Scardon,演员
31171,米哈乌·热布罗夫斯基,演员
31172,迈克尔·克兰茨,演员
31173,本·汉森,演员
31174,詹姆斯·克伦威尔,演员
31175,渊崎由里子,演员
31176,宫西达也,演员
31177,约翰·威廉姆斯,演员
31178,中村正,演员
31179,石野真子,演员
31180,阿曼达·布鲁盖尔,演员
31181,汤姆·休斯,演员
31182,加藤清史郎,演员
31183,黄宗洛,演员
31184,玛丽·吉布斯,演员
31185,马修·C·马蒂诺,演员
31186,比阿特丽斯·帕姆,演员
31187,伊安·霍姆,演员
31188,汉内洛勒·霍格,演员
31189,Chick Collins,演员
31190,Amedeo Trilli,演员
31191,拉维·汗维尔卡尔,演员
31192,吴大维,演员
31193,达纳·盖尔,演员
31194,莫妮卡·比利亚,演员
31195,安贝尔·史密斯,演员
31196,埃琳娜·布奇,演员
31197,奥克塔维亚·斯宾瑟,演员
31198,希尔德加德·斯罗德,演员
31199,楯隆子,演员
31200,吉姆·瓦德,演员
31201,迈克尔·刚本,演员
31202,岩田光央,演员
31203,加里·洛克伍德,演员
31204,玛格丽特·伯特,演员
31205,长田江身子,演员
31206,朴元尚,演员
31207,杨彤林,演员
31208,马东锡,演员
31209,斯蒂芬·布吉格沃特,演员
31210,一井直树,演员
31211,张建军,演员
31212,杰森·布莱尔,演员
31213,塔克·吉莫尔,演员
31214,英达,演员
31215,松隆子,演员
31216,丽贝卡·因德穆,演员
31217,M·K·拉伊纳,演员
31218,三浦贵大,演员
31219,卡尔·布瑞斯勒,演员
31220,威廉·斯米利,演员
31221,温妮·孔,演员
31222,麦迪逊·贝蒂,演员
31223,赵梓彤,演员
31224,保罗·雷瑟,演员
31225,毛里齐奥·阿雷纳,演员
31226,马尔顿·索克斯,演员
31227,雅克·萨布隆,演员
31228,Maria von Trapp,演员
31229,卜冠今,演员
31230,克劳迪奥·布鲁克,演员
31231,井关佳子,演员
31232,安德列·艾席蒙,演员
31233,玛汀·麦古基安,演员
31234,塞巴斯蒂安·科赫,演员
31235,汤姆·贝伦杰,演员
31236,三户耕三,演员
31237,安东尼奥·里莫尔迪,演员
31238,卡罗琳·古多尔,演员
31239,拉里·拉普,演员
31240,肖姆斯·戴维-菲茨帕特里克,演员
31241,迈克尔·博萨,演员
31242,凯文·麦克纳利,演员
31243,杰梅奈·克莱门特,演员
31244,莱尔德·曼辛托斯,演员
31245,Sidney Gordon,演员
31246,伊安·沃尔夫,演员
31247,Fred Datig Jr.,演员
31248,理查德·莱恩,演员
31249,杰克·奥康耐,演员
31250,姜武,演员
31251,Martin Deluca,演员
31252,迈克尔·罗查,演员
31253,赵家正,演员
31254,远近孝一,演员
31255,艾伦·克劳福德,演员
31256,Silvio Bagolini,演员
31257,山本兼平,演员
31258,杰弗里·德曼,演员
31259,约翰·拉维尔,演员
31260,David Bair,演员
31261,内森·菲利安,演员
31262,约翰·C·麦金雷,演员
31263,简·拉塞尔,演员
31264,罗薇娜·戴蒙德,演员
31265,苏珊·索洛米,演员
31266,吉娜·戴维斯,演员
31267,杰克·麦克布瑞尔,演员
31268,吉娜·马隆,演员
31269,王柏杰,演员
31270,米莎·巴顿,演员
31271,董立范,演员
31272,水源士郎,演员
31273,丹尼斯·克里斯托弗,演员
31274,玛蒂娜·乌尔塔多,演员
31275,杰克·安杰尔,演员
31276,山口诗史,演员
31277,克莱顿·华生,演员
31278,佩曼·莫阿迪,演员
31279,西井幸人,演员
31280,张欣,演员
31281,保罗·罗梅罗,演员
31282,金雷河,演员
31283,铃木兰兰,演员
31284,柳乐优弥,演员
31285,山姆·安德森,演员
31286,宋在浩,演员
31287,亚当·莱文,演员
31288,詹妮特·海因,演员
31289,理查德·里尔,演员
31290,泽田谦也,演员
31291,赛尔乔·比尼·布斯特里克,演员
31292,代少波,演员
31293,Lal Chand Mehra,演员
31294,蒂丝卡·乔普拉,演员
31295,Angelo Pellegrino,演员
31296,于尔班·康塞利埃,演员
31297,安娜·申茨,演员
31298,杰基·厄尔·哈利,演员
31299,陈以文,演员
31300,大卫·普罗瓦尔,演员
31301,米米·萨奇席恩,演员
31302,程玉珠,演员
31303,克里斯托夫·高格勒,演员
31304,休·丹西,演员
31305,埃里·瓦拉赫,演员
31306,路易·西霍尤斯,演员
31307,米莉·戴维斯,演员
31308,陈百祥,演员
31309,杰森·弗莱明,演员
31310,刘易斯·布莱克,演员
31311,萨拉·罗默尔,演员
31312,格里芬·弗雷泽,演员
31313,萧亚轩,演员
31314,朱斯蒂诺·杜拉诺,演员
31315,Haymon Maria Buttinger,演员
31316,玛丽·凯瑟琳·歌瑞森,演员
31317,黄圣依,演员
31318,拉瑞恩·纽曼,演员
31319,加里·A·赫克,演员
31320,杰昆·菲尼克斯,演员
31321,哈里·列尼斯,演员
31322,石田光子,演员
31323,土屋安娜,演员
31324,斯图尔特·马修斯,演员
31325,薇诺娜·瑞德,演员
31326,艾米丽·芭尔多尼,演员
31327,道格拉斯·席尔瓦,演员
31328,里克·扬,演员
31329,马修·古迪,演员
31330,罗德里戈-费尔南德斯-斯托尔,演员
31331,罗非洛·迪格托勒,演员
31332,大卫·罗伯茨,演员
31333,李兆基,演员
31334,格伦·贝克,演员
31335,中村大树,演员
31336,德怀特·马费尔德,演员
31337,奥尔索·马利亚·奎利尼,演员
31338,我修院达也,演员
31339,Louis V. Arco,演员
31340,哈威·普雷斯内尔,演员
31341,卢卡斯·哈斯,演员
31342,牛犇,演员
31343,马克斯·马蒂尼,演员
31344,稻叶义男,演员
31345,芭芭拉·欧内尔,演员
31346,德罗斯·V·史密斯,演员
31347,帕特里克·马基,演员
31348,新井浩文,演员
31349,皮尔斯·布鲁斯南,演员
31350,陈昭荣,演员
31351,伊德里斯·艾尔巴,演员
31352,佐伊·索尔达娜,演员
31353,大卫·斯特雷泽恩,演员
31354,C.J. Vana,演员
31355,史蒂文·利特尔,演员
31356,弗朗切斯科·克莱门特,演员
31357,弗兰克·梅德拉诺,演员
31358,T·J·米勒,演员
31359,木村拓哉,演员
31360,詹姆斯·柯登,演员
31361,绫濑遥,演员
31362,罗芸,演员
31363,马尔戈萨·格贝尔,演员
31364,科莱特·布罗塞,演员
31365,玛丽娜·朱迪切,演员
31366,吉姆·皮多克,演员
31367,马库斯·赫林,演员
31368,奥莉维亚·威廉姆斯,演员
31369,李·尼古拉斯·哈里斯,演员
31370,奥利维娅·德哈维兰,演员
31371,张同祖,演员
31372,筱原惠美,演员
31373,蒂尔达·斯文顿,演员
31374,菲尔·拉马,演员
31375,瓦列里·尼古拉耶夫,演员
31376,沃尔特·拉萨利,演员
31377,艾米丽·拉塔科斯基,演员
31378,八千草薰,演员
31379,篠原胜之,演员
31380,克里·约翰逊,演员
31381,敏迪·卡灵,演员
31382,卡尔艾拉切,演员
31383,维尔玛·班基,演员
31384,泰特·多诺万,演员
31385,Ernie Flatt,演员
31386,科迪·霍恩,演员
31387,马科·阿桑特,演员
31388,乔伊·派奇,演员
31389,泰奥杜尔·卡雷-卡赛尼,演员
31390,凯文·韦斯特,演员
31391,戴尔里·林多,演员
31392,加布里埃尔·瑞丝,演员
31393,伊崎充则,演员
31394,唐语谦,演员
31395,塞尔吉奥·托拉多,演员
31396,马克·克里斯托弗·劳伦斯,演员
31397,原田芳雄,演员
31398,王瑞,演员
31399,杰伊·巴鲁切尔,演员
31400,高瑞熙,演员
31401,水野理纱,演员
31402,克莱尔·布鲁姆,演员
31403,海利·安妮·内尔森,演员
31404,玛格丽塔·莫菲诺,演员
31405,欧文·威尔逊,演员
31406,詹姆斯·卡沙莫,演员
31407,索菲亚·科波拉,演员
31408,Janet Shaw,演员
31409,志村知幸,演员
31410,阿莉达·瓦利,演员
31411,区亨利,演员
31412,詹姆斯·伍兹,演员
31413,Stanley Blystone,演员
31414,今村鼠,演员
31415,约书亚·麦圭尔,演员
31416,沃克马·克莱纳特,演员
31417,约瑟夫·劳格诺,演员
31418,雷·罗马诺,演员
31419,比利·克里斯托,演员
31420,小栗香织,演员
31421,Alissa Wilms,演员
31422,金相庆,演员
31423,罗伯特·韦伯,演员
31424,凯文·艾伦,演员
31425,英格丽·褒曼,演员
31426,科林·斯廷顿,演员
31427,诺姆·卡普顿,演员
31428,康拉德·皮拉,演员
31429,萨瑞·巴亚特,演员
31430,Leoda Richards,演员
31431,黄经汉,演员
31432,娜塔丽·科尔多瓦,演员
31433,韦斯·本特利,演员
31434,哈考特·威廉姆斯,演员
31435,杨真诚,演员
31436,斯科特·迈克尔·坎贝尔,演员
31437,克里夫·阿什伯恩,演员
31438,齐藤昌,演员
31439,塔尼特·菲尼克斯,演员
31440,达纳·史密斯,演员
31441,斯科特·巴库拉,演员
31442,Niall O'Brien,演员
31443,雨笠利幸,演员
31444,菲奥娜·黑尔,演员
31445,埃德·贝格利,演员
31446,张国柱,演员
31447,泰伦斯·霍华德,演员
31448,Emma Field-Rayner,演员
31449,奥斯马·努涅斯,演员
31450,萧炳林,演员
31451,伊利亚·沃里克,演员
31452,阿部宽,演员
31453,瑞切尔·格里菲斯,演员
31454,格雷戈·赛斯特罗,演员
31455,Clara Reid,演员
31456,蒂姆·梅尔滕斯,演员
31457,梶冈润一,演员
31458,弗兰基·费森,演员
31459,罗伯特·科瓦吕比亚,演员
31460,奥玛·杜姆,演员
31461,本·迈尔斯,演员
31462,张震,演员
31463,莫妮卡·古布瑟,演员
31464,埃里克·罗兰,演员
31465,木村佑一,演员
31466,乔·曼特纳,演员
31467,法迪·尤瑟夫,演员
31468,大原沙耶香,演员
31469,安东尼·德·马克,演员
31470,纳撒尼尔·利斯,演员
31471,肖恩·里德,演员
31472,方化,演员
31473,爱资哈尔丁·穆罕默德·伊斯梅尔,演员
31474,弗兰克·普格利亚,演员
31475,迈克尔·巴达鲁科,演员
31476,肯特·法尔考,演员
31477,埃迪·安德森,演员
31478,Alister Mazzotti,演员
31479,塔卡尤·费舍尔,演员
31480,西蒙·佩吉,演员
31481,彼得·阿佩尔,演员
31482,三船敏郎,演员
31483,琳达·霍夫曼,演员
31484,梅根·保罗,演员
31485,瑞恩·雷诺兹,演员
31486,西恩·奥斯汀,演员
31487,安娜·巴瑞辛尼科夫,演员
31488,茶风林,演员
31489,边熙峰,演员
31490,比尔·布尔,演员
31491,基隆·埃利奥特,演员
31492,伊俄涅·M·特雷奇,演员
31493,拉尔夫·罗德里格斯,演员
31494,龟井芳子,演员
31495,德斯蒙德·杜布,演员
31496,拉腊·弗林·鲍尔,演员
31497,克里斯托弗·尼姆,演员
31498,Laura Solari,演员
31499,唐·钱德尔,演员
31500,杰克·希勒,演员
31501,路易斯·瓦尔德斯,演员
31502,李思捷,演员
31503,布格斯·巴尔加瓦,演员
31504,娜塔莉·波特曼,演员
31505,杰奎琳·埃沃拉,演员
31506,冯克安,演员
31507,Mike Morelli,演员
31508,丹·卡斯泰兰尼塔,演员
31509,沙克希·坦沃,演员
31510,Murdock MacQuarrie,演员
31511,中村祐子,演员
31512,陶虹,演员
31513,Gianna Segale,演员
31514,阿勒隆·鲁杰罗,演员
31515,科莱特·沃夫,演员
31516,莫里斯·贝尼舒,演员
31517,卡西·阿弗莱克,演员
31518,马克·林赛·查普曼,演员
31519,凯莉·麦克唐纳,演员
31520,格瑞辰·摩尔,演员
31521,拉法埃拉·莱博罗尼,演员
31522,东山千荣子,演员
31523,内芙·加切夫,演员
31524,詹姆斯·休斯,演员
31525,大卫·丹曼,演员
31526,杰夫·皮金,演员
31527,John Cortay,演员
31528,特德·丹森,演员
31529,斯坦利·B·赫尔曼,演员
31530,Frank Dawson,演员
31531,法拉赫阿米尔·哈什米安,演员
31532,布莱恩·普林格,演员
31533,关口雄介,演员
31534,伊莱耶斯·加贝尔,演员
31535,杨成纯,演员
31536,Carl Deloro,演员
31537,乔什·斯图沃特,演员
31538,阿曼达·沃伦,演员
31539,敦尔·当纳利,演员
31540,金义城,演员
31541,弗朗西斯·古佐,演员
31542,凯蒂·洛斯,演员
31543,迈克尔·贝里曼,演员
31544,中村久美,演员
31545,安德鲁·哈维尔,演员
31546,Kt·巴达萨罗,演员
31547,摩根·莉莉,演员
31548,蒂姆·罗宾斯,演员
31549,黛比·特纳,演员
31550,谷中敦,演员
31551,马科斯·卡锡,演员
31552,赖因哈德·科尔德霍夫,演员
31553,罗布·兰德里,演员
31554,郑肯,演员
31555,安东内洛·普利西,演员
31556,阿莫里·巴博尔,演员
31557,凯文·德·拉·诺伊,演员
31558,松本梨香,演员
31559,科琳娜·哈弗奇,演员
31560,雷纳德·洛塞特,演员
31561,伊恩·布罗茨基,演员
31562,V·J·福斯特,演员
31563,黄霑,演员
31564,奥玛·希,演员
31565,Mimmo Poli,演员
31566,Tara Hacking,演员
31567,陶传正,演员
31568,Norman Stevans,演员
31569,室井滋,演员
31570,温斯顿·丘吉尔,演员
31571,董飞,演员
31572,格雷戈里·加迪诺尔,演员
31573,大卫·休里斯,演员
31574,Dan Maxwell,演员
31575,劳拉·格林伍德,演员
31576,仲里依纱,演员
31577,刘易斯·阿伯内西,演员
31578,金时厚,演员
31579,艾丽西亚·瑞特,演员
31580,米切尔·利希藤斯坦,演员
31581,桑亚·玛荷塔,演员
31582,汤姆·埃沃雷特,演员
31583,凯文·康诺利,演员
31584,玛丽萨·帕雷德斯,演员
31585,Peter Palmer,演员
31586,斯科特·格伦,演员
31587,伊丽莎白·麦戈文,演员
31588,艾尔·勒提埃里,演员
31589,保罗·布莱克维尔,演员
31590,Gildo Bocci,演员
31591,詹姆斯·厄尔·琼斯,演员
31592,金城武,演员
31593,迭戈·卢纳,演员
31594,古泽彻,演员
31595,肖恩·奥哈根,演员
31596,艾德·戴维斯,演员
31597,安德鲁·斯坦顿,演员
31598,杨采妮,演员
31599,丹·哈达亚,演员
31600,布莱德利·惠特福德,演员
31601,克雷格·费格森,演员
31602,杰洛·里佛斯,演员
31603,伊默恩·沃克,演员
31604,斯蒂文·麦金托什,演员
31605,格雷格·科林斯,演员
31606,Phyllis Barry,演员
31607,爱波·塔布琳,演员
31608,大卫·奥伊罗,演员
31609,成奎安,演员
31610,格劳瑞亚·斯图尔特,演员
31611,肖妮·史密斯,演员
31612,凯文·库尼,演员
31613,Pippo Provvidenti,演员
31614,雅各布·特伦布莱,演员
31615,普路特·泰勒·文斯,演员
31616,利昂·波纳尔,演员
31617,朱迪·丹奇,演员
31618,郑有美,演员
31619,村野友希,演员
31620,夏帆,演员
31621,优恵,演员
31622,樊光耀,演员
31623,Pietro Notarianni,演员
31624,Franco Corsaro,演员
31625,比利·博伊德,演员
31626,Georges Renavent,演员
31627,乌尔里希·穆埃,演员
31628,洛丽·理查德森,演员
31629,哈里特·桑塞姆·哈里斯,演员
31630,席洛·格林,演员
31631,巴哈丽·西迪奇,演员
31632,让·达里,演员
31633,马克·罗斯顿,演员
31634,凯尔·杜拉,演员
31635,梅兰尼·蒂埃里,演员
31636,凯德·比特纳,演员
31637,布莱尔·安德伍德,演员
31638,凯文·波拉克,演员
31639,本·金斯利,演员
31640,泰德·拉文,演员
31641,达科塔·范宁,演员
31642,亚里安妮·拉贝德,演员
31643,本诺·施特岑巴赫,演员
31644,尼格尔·本内特,演员
31645,海克·玛卡琪,演员
31646,迪克·布拉德塞尔,演员
31647,帕诺斯·科罗尼斯,演员
31648,克拉克·盖博,演员
31649,王祖贤,演员
31650,塔布,演员
31651,格雷戈里·库克,演员
31652,凯文·迪特斯,演员
31653,碧姬·芭铎,演员
31654,戴尔·温顿,演员
31655,凯斯·索西,演员
31656,杰斯·哈梅尔,演员
31657,卡斯腾·海斯,演员
31658,辛纳克·勋纳曼,演员
31659,张维,演员
31660,汉娜·乔恩-卡门,演员
31661,本木雅弘,演员
31662,利亚姆·麦克尼尔,演员
31663,刘镇伟,演员
31664,艾伦·佩吉,演员
31665,黄渤,演员
31666,奥索利亚·茱莉娅·帕普,演员
31667,Pat Harmon,演员
31668,乔伊·安沙,演员
31669,亚历山德拉·拉帕波特,演员
31670,马丁·布拉巴赫,演员
31671,欧娜·满森,演员
31672,安德莉亚·埃克特,演员
31673,约翰·利思戈,演员
31674,努尔·艾尔·侯赛尼,演员
31675,罗宾·巴特利特,演员
31676,克里斯·考林,演员
31677,保罗·普雷博伊斯特,演员
31678,丹尼·德维托,演员
31679,明妮·德里弗,演员
31680,鲑延未可,演员
31681,瑞贝卡·德·莫妮,演员
31682,大泉洋,演员
31683,弗兰克·德安布罗西奥,演员
31684,柴崎幸,演员
31685,迈克尔·贝茨,演员
31686,罗谢尔·奥利弗,演员
31687,大卫·田纳特,演员
31688,莉莲·奈福,演员
31689,迈克尔·艾伦·米利甘,演员
31690,约翰·塞纳迭姆博,演员
31691,马克·施泰因迈尔,演员
31692,米尔斯·彼埃尔,演员
31693,盖伊·亨利,演员
31694,加藤治子,演员
31695,弗朗索瓦·贝莱昂,演员
31696,乔丹·长井,演员
31697,金相浩,演员
31698,罗伯特·塞拉,演员
31699,罗里·金奈尔,演员
31700,杰弗里·拉什,演员
31701,廖凡,演员
31702,约翰·菲德勒,演员
31703,祖德·塞克利拉,演员
31704,Mira McKinney,演员
31705,黛安·韦斯特,演员
31706,露西娅·莫尼斯,演员
31707,莱昂纳多·迪卡普里奥,演员
31708,本井英美,演员
31709,裘德·洛,演员
31710,汤姆·威尔金森,演员
31711,迈克尔·多曼,演员
31712,普佩拉·玛奇奥,演员
31713,唐·诺韦洛,演员
31714,伊恩·麦克莱恩,演员
31715,瑞贝卡·詹姆斯,演员
31716,山村聪,演员
31717,苏西·沃德,演员
31718,戴维德·迪格斯,演员
31719,Frank Hagney,演员
31720,雷夫·瓦朗,演员
31721,苏菲·奥康内多,演员
31722,Victor Romito,演员
31723,唐娜·里德,演员
31724,詹姆斯·丹顿,演员
31725,阿罗拉·凯瑟琳·史密斯,演员
31726,马克思·雷迈特,演员
31727,松田洋治,演员
31728,查尔斯·A·坦伯罗,演员
31729,曾心怡,演员
31730,内森·琼斯,演员
31731,端田宏三,演员
31732,藤原龙也,演员
31733,玛丽安妮·穆勒雷尔,演员
31734,王菲,演员
31735,陆庆松,演员
31736,贾德·赫希,演员
31737,彼得·奥图尔,演员
31738,许鞍华,演员
31739,徐锦江,演员
31740,马特·杰拉德,演员
31741,布丽吉特·佛西,演员
31742,维克多·加博,演员
31743,伊莱·罗斯,演员
31744,罗切尔·罗斯,演员
31745,悠木碧,演员
31746,韩冬,演员
31747,艾文·布莱纳,演员
31748,Manuel París,演员
31749,瑞秋·哈里斯,演员
31750,詹姆斯·沃特斯顿,演员
31751,苏济·普里姆,演员
31752,理查德·班克斯,演员
31753,弗朗卡·波滕特,演员
31754,爱河里花子,演员
31755,罗伯特·哈珀,演员
31756,凯思琳·拜荣,演员
31757,齐·麦克布赖德,演员
31758,Edward Kimball,演员
31759,Kathy Dombo,演员
31760,苏珊·林奇,演员
31761,J·M·克里根,演员
31762,罗尔夫·萨克森,演员
31763,Salvatore Martino,演员
31764,芮妮·维克托,演员
31765,韦斯·斯塔迪,演员
31766,戴维·卡文迪什,演员
31767,阿努克·斯特芬,演员
31768,查尔敏·卡尔,演员
31769,Jonas Stiklorius,演员
31770,杜可风,演员
31771,Bob Morrisey,演员
31772,丹·弗雷登堡,演员
31773,吴兴国,演员
31774,杰克·丘奇,演员
31775,毕克,演员
31776,佐久间玲,演员
31777,特德·马克兰德,演员
31778,罗杰·里斯,演员
31779,杰克·布莱克,演员
31780,马里奥·毛瑞尔,演员
31781,金妮弗·古德温,演员
31782,米歇尔·拉夫,演员
31783,高桥一生,演员
31784,Rainer Sellien,演员
31785,让·雷诺,演员
31786,伊丽莎白·班克斯,演员
31787,拉斯洛·阿隆,演员
31788,鲍起静,演员
31789,李·斯特拉斯伯格,演员
31790,格温妮斯·帕特洛,演员
31791,John Mighton,演员
31792,伊嘉·比肯费尔德,演员
31793,Armando Annuale,演员
31794,Peter Ily Huemer,演员
31795,丽塔·卡莱尔,演员
31796,薛芷伦,演员
31797,远藤宪一,演员
31798,Betty Allen,演员
31799,罗伯特·维斯多姆,演员
31800,柏原崇,演员
31801,林家栋,演员
31802,弗兰克·芬莱,演员
31803,王朔,演员
31804,大卫·克莱德,演员
31805,周韵,演员
31806,埃尔尼·曼戈尔德,演员
31807,于鼎,演员
31808,Jacques Lory,演员
31809,理查·布莱恩特,演员
31810,杰拉德·加纳,演员
31811,铃木亮平,演员
31812,弗兰西斯·麦克多蒙德,演员
31813,庄域飞,演员
31814,维克多·斯坦巴赫,演员
31815,卡洛斯·阿拉斯拉奇,演员
31816,兴梠里美,演员
31817,角野卓造,演员
31818,朱莉娅·罗伯茨,演员
31819,萨瓦特利·卡西欧,演员
31820,居伊·格罗索,演员
31821,成龙,演员
31822,江守彻,演员
31823,拉什达·琼斯,演员
31824,吉米·帕伦博,演员
31825,普拉蒂玛·库尔卡尼,演员
31826,亨利·方达,演员
31827,马修·比尔德,演员
31828,鲍比·冈萨雷斯,演员
31829,德沃恩·尼克森,演员
31830,曾志伟,演员
31831,雅基·伊多,演员
31832,苏拉·沙玛,演员
31833,丹尼·弗拉,演员
31834,小马克·布恩,演员
31835,杰克·乔治,演员
31836,里奥·故罗塔,演员
31837,肯·马里诺,演员
31838,刘德华,演员
31839,西蒙·克雷恩,演员
31840,金燕玲,演员
31841,克里斯托弗·马克斯韦尔,演员
31842,海莉·斯坦菲尔德,演员
31843,凯文·G·施密特,演员
31844,二勇,演员
31845,肯·道里欧,演员
31846,邦妮·怀特,演员
31847,娜塔莎·麦克艾霍恩,演员
31848,伍娜·戴蒙,演员
31849,丹尼斯·利瑞,演员
31850,玛丽·梅伦,演员
31851,埃利亚斯·库利,演员
31852,黑泽明日香,演员
31853,詹妮弗·艾莉,演员
31854,柊瑠美,演员
31855,朱江,演员
31856,郭易峰,演员
31857,朱莉·德尔佩,演员
31858,Antonella Elia,演员
31859,Arthur Stuart Hull,演员
31860,盖尔·加西亚·贝纳尔,演员
31861,罗伯托·西特兰,演员
31862,寺岛进,演员
31863,杰瑞米·戴维斯,演员
31864,瓦莱丽亚·戈利诺,演员
31865,罗伯特·拉萨多,演员
31866,美轮明宏,演员
31867,Gilberto Idonea,演员
31868,赵铭,演员
31869,磨赤儿,演员
31870,布赖恩·利比,演员
31871,拉什·沙玛,演员
31872,玛丽·杜布瓦,演员
31873,杰弗里·奈特,演员
31874,基斯·斯扎拉巴基克,演员
31875,马特·纳夫莱,演员
31876,史建全,演员
31877,金英爱,演员
31878,道格·伊·道格,演员
31879,苏达拉·布查蓬,演员
31880,塔姆金·莫钦特,演员
31881,Moritz Grove,演员
31882,玛丽亚·德·梅黛洛,演员
31883,妮基·考克斯,演员
31884,罗多尔·保利,演员
31885,弗兰克·威利,演员
31886,艾尔·麦金农,演员
31887,乔伊·金,演员
31888,安东尼·霍普金斯,演员
31889,Tanveer K. Atwal,演员
31890,尼尔·吉恩托利,演员
31891,诺亚·艾默里奇,演员
31892,迪克·安东尼·威廉姆斯,演员
31893,奥兰多·布鲁姆,演员
31894,盐见三省,演员
31895,汤米·利斯特,演员
31896,Denis Green,演员
31897,杰森·贝瑞,演员
31898,阿尔·帕西诺,演员
31899,纳吉·杰特,演员
31900,蒂姆·布雷克·尼尔森,演员
31901,程晓桦,演员
31902,罗宾·阿特金·唐斯,演员
31903,田川洋行,演员
31904,斯科特·威廉姆·文特斯,演员
31905,Suanne Spoke,演员
31906,诺曼·劳埃德,演员
31907,塞丽娜·贾尔斯,演员
31908,巴里·佩珀,演员
31909,莫文蔚,演员
31910,伍经纬,演员
31911,金子,演员
31912,达里奥·格兰迪内蒂,演员
31913,克莱尔·希金斯,演员
31914,浅井淑子,演员
31915,Norman Ainsley,演员
31916,芬利·威尔士,演员
31917,詹姆斯·A·伍兹,演员
31918,露西·拉塞尔,演员
31919,神代知衣,演员
31920,克莱特·惠特克,演员
31921,加濑亮,演员
31922,萨米·盖尔,演员
31923,友兰达·梦露,演员
31924,劳伦·马赫,演员
31925,加布里埃尔·伯恩,演员
31926,格洛丽亚·福斯特,演员
31927,江川央生,演员
31928,理查德·坎贝尔,演员
31929,雅尼斯·帕帕多普洛斯,演员
31930,本尼托·马丁内斯,演员
31931,加布里埃莱·拉维亚,演员
31932,托里奥·卡米纳提,演员
31933,埃瓦德妮·贝克,演员
31934,考乐姆·吉斯·雷尼,演员
31935,吉米·雷·威克斯,演员
31936,罗伯特·德尼罗,演员
31937,奥之矢佳奈,演员
31938,梅利莎·古德温,演员
31939,米斯·斯马尔,演员
31940,丹尼斯·邓恩,演员
31941,莱雅·卡里恩斯,演员
31942,罗比·萨布莱特,演员
31943,史文-欧尔·托尔森,演员
31944,格雷厄姆·格林,演员
31945,王晶,演员
31946,金秉玉,演员
31947,丁建华,演员
31948,大卫·彭德尔顿,演员
31949,Bruce Mitchell,演员
31950,马克西姆·梅米特,演员
31951,金·迪肯斯,演员
31952,希瑟·伯恩斯,演员
31953,格特鲁德·阿斯特,演员
31954,艾塞尔·格里菲斯,演员
31955,马诺·巴克什,演员
31956,皮埃尔·贝尔坦,演员
31957,Buddy Messinger,演员
31958,Bhogwan Singh,演员
31959,Lester Sharpe,演员
31960,克拉克·格雷格,演员
31961,莫妮卡·波特,演员
31962,恩尼奥·孔萨尔维,演员
31963,迈克尔·V·格佐,演员
31964,William F. Leicester,演员
31965,李春,演员
31966,弗雷德里克·埃弗斯,演员
31967,安原义人,演员
31968,奥斯汀·潘德尔顿,演员
31969,奥罗拉·夸特罗基,演员
31970,Dalton Abbott,演员
31971,达拉斯·罗伯特斯,演员
31972,斯蒂芬·亨德森,演员
31973,千禹熙,演员
31974,林原惠美,演员
31975,陈伟,演员
31976,托马斯·布伦门塔尔,演员
31977,乔纳森·萨加尔,演员
31978,吴涛,演员
31979,吉娜·诺维勒,演员
31980,维品·沙尔马,演员
31981,邦尼·亨特,演员
31982,阿萨·巴特菲尔德,演员
31983,布莱丝·达拉斯·霍华德,演员
31984,丰川悦司,演员
31985,埃莱娜·卡多纳,演员
31986,汉娜·豪尔,演员
31987,艾尔莎·瑞雯,演员
31988,Ed Agresti,演员
31989,李治廷,演员
31990,吉恩·凯利,演员
31991,斯加特曼·克罗索斯,演员
31992,彼得·迈尔斯,演员
31993,克里斯托弗·麦克唐纳,演员
31994,金秀美,演员
31995,阿德南·萨米,演员
31996,巴巴克·卡里米,演员
31997,西莉亚·奥,演员
31998,剧团一人,演员
31999,皮特·麦克罗比,演员
32000,朱塞佩·巴蒂斯通,演员
32001,丛志军,演员
32002,吴倩莲,演员
32003,安德鲁·林肯,演员
32004,托马斯·阿拉纳,演员
32005,约翰·德·兰西,演员
32006,Beatrice Gray,演员
32007,坦普·皮戈特,演员
32008,京町子,演员
32009,俊·奈托,演员
32010,弗兰克·西维罗,演员
32011,道格拉斯·伍德,演员
32012,吉里什·库卡尼,演员
32013,蔡浩,演员
32014,娜丁·拉巴基,演员
32015,克里斯托夫·梅兹-普莱瑟,演员
32016,刘玉玲,演员
32017,拉加·戈帕尔·耶尔,演员
32018,罗密·温莎,演员
32019,须加美纪,演员
32020,达拉,演员
32021,黄政民,演员
32022,Hayati Akbas,演员
32023,劳伦斯·哈维,演员
32024,艾伦·旁派,演员
32025,杰克·吉伦哈尔,演员
32026,横泽启子,演员
32027,阿隆·鲁斯汀,演员
32028,郑镇荣,演员
32029,贝丝·弗劳尔斯,演员
32030,西德尼·格林斯垂特,演员
32031,布鲁诺·柯比,演员
32032,Sammy Stein,演员
32033,艾莉森·福兰德,演员
32034,马西娅·盖伊·哈登,演员
32035,亚历桑德雷·罗德里格斯,演员
32036,格拉姆·柯里,演员
32037,西村知道,演员
32038,麦迪·科尔曼,演员
32039,Lucy Liemann,演员
32040,阿比·丽,演员
32041,迪利普·劳,演员
32042,Christian Ankowitsch,演员
32043,Reagan Leonard,演员
32044,Justin Rodgers Hall,演员
32045,李大为,演员
32046,维克托·乔里,演员
32047,岩男润子,演员
32048,桑尼·施罗耶,演员
32049,萨沙·斯皮尔伯格,演员
32050,布鲁克琳·普劳克斯,演员
32051,华森·波克彭,演员
32052,佩雷·布拉索,演员
32053,尼古拉斯·卡洛蒂,演员
32054,凯瑞·穆里根,演员
32055,希思科特·威廉姆斯,演员
32056,Ian Campbell,演员
32057,马赫沙拉·阿里,演员
32058,琳达·卡德里尼,演员
32059,菲利丝·史密斯,演员
32060,道格·休切逊,演员
32061,路德维希·施托塞尔,演员
32062,烈子,演员
32063,上条恒彦,演员
32064,乔西普·艾利克,演员
32065,廖爱玲,演员
32066,狄龙,演员
32067,杰西卡·查斯坦,演员
32068,寺田农,演员
32069,Margaret Rawlings,演员
32070,克里斯托弗·洛伊德,演员
32071,Lydia Blanco,演员
32072,德鲁·巴里摩尔,演员
32073,陶山章央,演员
32074,理查德·达历山德罗,演员
32075,亨利·丹尼尔,演员
32076,理查德·弗让吉,演员
32077,尚楠,演员
32078,弗里德里希·冯·图恩,演员
32079,简·达威尔,演员
32080,吉娜薇·欧瑞丽,演员
32081,昆林·艾格匹,演员
32082,马蒂娜·格德克,演员
32083,蒂格尔·F·伯格里,演员
32084,伊恩·哈特,演员
32085,约翰兰德,演员
32086,迈尔斯·杰弗里,演员
32087,Patricia Rae,演员
32088,戴夫·帕特尔,演员
32089,宫路佳具,演员
32090,杰瑞德·哈里斯,演员
32091,阿尔多·久弗瑞,演员
32092,菲利普·罗斯,演员
32093,米哈利·绍鲍多什,演员
32094,菲利佩·哈根森,演员
32095,保志总一朗,演员
32096,Fred Farrell,演员
32097,玛西娅·让·库尔茨,演员
32098,休罗斯,演员
32099,波特·杨,演员
32100,安德鲁·加菲尔德,演员
32101,法尔德斯·巴姆,演员
32102,凯特·宾汉,演员
32103,基姆·卡拉思,演员
32104,Bert Stevens,演员
32105,瑞恩·海沃德,演员
32106,艾玛·汤普森,演员
32107,艾力克斯·伯恩斯,演员
32108,彼得·雅各布,演员
32109,弗吉尼亚·菲尔德,演员
32110,克莱尔·莫里耶,演员
32111,谭瓒强,演员
32112,尼古拉斯·凯奇,演员
32113,劳拉·琳妮,演员
32114,杰克·塞隆,演员
32115,Tommy Farrell,演员
32116,大卫·文翰,演员
32117,泰伊·谢里丹,演员
32118,威尔·史密斯,演员
32119,近藤好美,演员
32120,安娜·勒尼,演员
32121,阿尔蒂斯·德·彭居埃恩,演员
32122,陈凯歌,演员
32123,西尔维斯特·格罗特,演员
32124,苏哈妮·巴特纳格尔,演员
32125,马妮·尼克松,演员
32126,盖·皮尔斯,演员
32127,汤姆·克鲁斯,演员
32128,泉谷茂,演员
32129,陈妤,演员
32130,威廉·彼德森,演员
32131,都筑香弥子,演员
32132,王启赞,演员
32133,杰弗里·怀特,演员
32134,凯文·兰金,演员
32135,尼古拉斯·布兰登,演员
32136,皮埃尔·巴斯蒂安,演员
32137,朱丽叶·里夫斯,演员
32138,汉斯-尤韦·鲍尔,演员
32139,约翰·戴维森,演员
32140,保罗·梅森,演员
32141,伊尔凡·可汗,演员
32142,能年玲奈,演员
32143,西妮德·马修斯,演员
32144,John George,演员
32145,Kyra Meyer,演员
32146,罗夫·拉斯加德,演员
32147,鲍伯·伯根,演员
32148,宋康昊,演员
32149,Easton Gage,演员
32150,约翰·卡洛·林奇,演员
32151,原亚弥,演员
32152,米娜·苏瓦丽,演员
32153,宁静,演员
32154,太田真一郎,演员
32155,穆德·阿巴斯·卡勒里,演员
32156,Sylvia Lewis,演员
32157,汤姆·霍兰德,演员
32158,简·林奇,演员
32159,田口昂,演员
32160,赵一穗,演员
32161,保罗·波尔卡西,演员
32162,杰米·卡米尔,演员
32163,皮特·萨加尔,演员
32164,安德里亚·迪·斯戴法诺,演员
32165,艾玛·斯通,演员
32166,弗朗西斯·X·麦卡蒂,演员
32167,卡尔·马图斯维奇,演员
32168,托马斯·列农,演员
32169,伦纳德米迪,演员
32170,艾德·毕肖普,演员
32171,吉行和子,演员
32172,任珈锐,演员
32173,Tom Gallop,演员
32174,艾伦·艾克哈特,演员
32175,丹尼·高德林,演员
32176,安东尼·冈萨雷斯,演员
32177,罗杰·克莱格·史密斯,演员
32178,山德·贝克利,演员
32179,许敬民,演员
32180,拉杰夫·拉宾德拉纳特安,演员
32181,奥黛丽·塔图,演员
32182,蜜西·雅格,演员
32183,雅各布·马琛茨,演员
32184,平泉成,演员
32185,尤金·奥斯门特,演员
32186,迈克尔·伯吉斯,演员
32187,小室正幸,演员
32188,毕崔斯·罗森,演员
32189,Ted Oliver,演员
32190,苏珊·维德勒,演员
32191,詹姆斯·塞托,演员
32192,阿帕尔夏克提·库拉那,演员
32193,迈克尔·杰特,演员
32194,丹尼·麦克布莱德,演员
32195,金海淑,演员
32196,Janet Waldo,演员
32197,钟镇涛,演员
32198,卡斯图罗·格雷拉,演员
32199,马尔科姆·麦克道威尔,演员
32200,皮普·托伦斯,演员
32201,原沙知绘,演员
32202,比利·布什,演员
32203,户田惠子,演员
32204,Monty O'Grady,演员
32205,尚恩约翰逊,演员
32206,薇薇·卡登尼,演员
32207,李仙湖,演员
32208,阿方索·弗里曼,演员
32209,夏奇拉,演员
32210,丹·巴特勒,演员
32211,萨尔曼·汗,演员
32212,瑞恩·赫斯特,演员
32213,Nicholas Sadler,演员
32214,比尔·奈伊,演员
32215,乔·阿拉斯奇,演员
32216,吴宇森,演员
32217,雨果·维文,演员
32218,埃里卡·麦克德莫特,演员
32219,约翰·马利,演员
32220,玛拉雅·瑞沃拉·德鲁,演员
32221,梁家辉,演员
32222,泰隆·鲍华,演员
32223,尼古拉斯·卡斯柯恩,演员
32224,胡明,演员
32225,Leo Mostovoy,演员
32226,黎明,演员
32227,詹姆斯·兰开斯特,演员
32228,库尔特·弗勒曼,演员
32229,罗茜·汉丁顿-惠特莉,演员
32230,奥梅罗·安东努蒂,演员
32231,谷花音,演员
32232,陈熙京,演员
32233,汤姆·汉克斯,演员
32234,凯瑟琳·基纳,演员
32235,Scott Joel Gizicki,演员
32236,约翰·诺瓦克,演员
32237,贝弗利·陶德,演员
32238,约翰·沙拉恩,演员
32239,阿若·希利,演员
32240,小林郁夫,演员
32241,本杰明·拉特纳,演员
32242,迪克·卡维特,演员
32243,哈威·凯特尔,演员
32244,香农·沃尔什,演员
32245,山崎一,演员
32246,中谷美纪,演员
32247,山口朱美,演员
32248,原节子,演员
32249,艾尔·哈林顿,演员
32250,博基姆·伍德拜因,演员
32251,S·Z·萨卡尔,演员
32252,萨拉·贝克,演员
32253,莱思莉·汉密尔顿·格伦,演员
32254,哈里逊·杨,演员
32255,伊兰·古德曼,演员
32256,Joop van Hulzen,演员
32257,汤姆·加洛普,演员
32258,马克·马戈利斯,演员
32259,Michael Mark,演员
32260,谷德昭,演员
32261,希瑟·沃奎斯特,演员
32262,本尼西奥·德尔·托罗,演员
32263,欧仁·博登,演员
32264,池水通洋,演员
32265,伊莎贝尔·南蒂,演员
32266,王肖兵,演员
32267,鲁伯特·格林特,演员
32268,海伦·艾比罗克,演员
32269,埃里克·斯托尔兹,演员
32270,简·麦克尼尔,演员
32271,约翰·格雷厄姆·斯佩西,演员
32272,蓝洁瑛,演员
32273,克里斯蒂娜·皮克勒斯,演员
32274,丹尼尔·雷德克里夫,演员
32275,瓦伦蒂娜·卡迪纳利,演员
32276,佩吉·伍德,演员
32277,杰夫·高布伦,演员
32278,桥本爱,演员
32279,布丽·拉尔森,演员
32280,凯·李,演员
32281,斯琴高娃,演员
32282,莫妮卡·贝鲁奇,演员
32283,大卫·吉雅西,演员
32284,贾达·萍克·史密斯,演员
32285,杜利·威尔逊,演员
32286,查得·R·戴维斯,演员
32287,Gorella Gori,演员
32288,艾达·泰,演员
32289,罗兰,演员
32290,笹野高史,演员
32291,蒂姆·艾伦,演员
32292,伊恩·安东尼·代尔,演员
32293,林青霞,演员
32294,Paul Panzer,演员
32295,萨尔瓦多·雷耶斯,演员
32296,艾米莉·莫迪默,演员
32297,佐仓绫音,演员
32298,菲利普-沃斯,演员
32299,蒋雯丽,演员
32300,柯一正,演员
32301,克里斯·马尔基,演员
32302,安贝尔·比蒂,演员
32303,玉井夕海,演员
32304,徐淑媛,演员
32305,罗莎琳·艾尔斯,演员
32306,李璟荣,演员
32307,迈克·马歇尔,演员
32308,德尼·梅诺谢,演员
32309,Bobby Hale,演员
32310,邵茹贞,演员
32311,阿什莉·泰勒,演员
32312,吉姆·帕尔默,演员
32313,菲利斯·萨莫维尔,演员
32314,塔彭丝·米德尔顿,演员
32315,克拉拉·卡拉马伊,演员
32316,隆巴多·博伊尔,演员
32317,本·申克曼,演员
32318,盖尔·汉森,演员
32319,里奇蒙德·阿奎特,演员
32320,赵海龙,演员
32321,迈克尔-杰斯,演员
32322,黄自强,演员
32323,张翼东,演员
32324,保罗·布赖特威尔,演员
32325,坂口健太郎,演员
32326,刘嘉玲,演员
32327,杰克·凯斯,演员
32328,杰西·科尔蒂,演员
32329,爱尔莎·兰切斯特,演员
32330,克里斯蒂娜·度·瑞格,演员
32331,夏洛特·普里尔,演员
32332,Catherine Wyler,演员
32333,尼基塔·卡兰姆,演员
32334,任世官,演员
32335,阿伦·克雷格,演员
32336,北野武,演员
32337,塞伊拉·沃西,演员
32338,李政宰,演员
32339,Paolo Carlini,演员
32340,朴圣雄,演员
32341,迪伦·库斯曼,演员
32342,乔纳森·泰勒·托马斯,演员
32343,艾琳·尼古拉斯,演员
32344,约翰·凯泽尔,演员
32345,杰森·斯坦森,演员
32346,娜塔莎·怀特曼,演员
32347,Winifred Harris,演员
32348,安东尼·安德鲁斯,演员
32349,Dan Washington,演员
32350,马达范,演员
32351,迈克尔·格伯,演员
32352,金·寇兹,演员
32353,刘燕瑾,演员
32354,玛莉亚·奥内托,演员
32355,米歇尔·埃文斯,演员
32356,Dina Smirnova,演员
32357,吉洁特,演员
32358,比利·鲍伯·松顿,演员
32359,斯图尔特·麦克奎里,演员
32360,坂本龙一,演员
32361,寺崎裕香,演员
32362,保罗•希普,演员
32363,夏洛特·阿罗诺夫斯基,演员
32364,达格拉斯·福雷,演员
32365,姜文,演员
32366,杰森·麦金农,演员
32367,格里芬·邓恩,演员
32368,马特·温斯顿,演员
32369,莫尼克·加布里埃拉·库尔内,演员
32370,文森特·斯卡维利,演员
32371,John Dodsworth,演员
32372,亨利·G.桑德斯,演员
32373,吉莉·西蒙,演员
32374,乔西·特立尼达,演员
32375,尼德·巴蒂,演员
32376,克兰西·布朗,演员
32377,康奈尔·韦斯特,演员
32378,拉詹德拉纳斯·祖特施,演员
32379,MacInTalk,演员
32380,Richard Emory,演员
32381,葛素媛,演员
32382,智一桐,演员
32383,奥米·瓦依达,演员
32384,小艾德.朱普,演员
32385,布鲁诺·甘茨,演员
32386,亨利·热内斯,演员
32387,Charlie Ian,演员
32388,蕾乐蒂·库马洛,演员
32389,皮埃尔·鲁塞尔,演员
32390,克里斯汀·贝尔,演员
32391,聂卓晶,演员
32392,西恩·潘,演员
32393,Paul Poet,演员
32394,菲力浦·西蒙,演员
32395,菲利普·杜·詹纳兰德,演员
32396,丽莉·克亚芙,演员
32397,迈克尔·诺里,演员
32398,安东尼·埃斯特拉,演员
32399,T·J·劳瑟,演员
32400,伊莎贝尔·卢卡斯,演员
32401,布莱恩·达西·詹姆斯,演员
32402,艾普尔·格雷斯,演员
32403,托马斯·布罗迪-桑斯特,演员
32404,拉尔夫·伊内森,演员
32405,朴海日,演员
32406,Dave Rastovich,演员
32407,大卫·卡尔德,演员
32408,沙尔曼·乔希,演员
32409,大卫·摩斯,演员
32410,皱缇格,演员
32411,张艾嘉,演员
32412,张学友,演员
32413,拉菲·斯波,演员
32414,迈克尔·比恩,演员
32415,卡拉·梅迪纳,演员
32416,海顿·潘妮蒂尔,演员
32417,理查德·布赖特,演员
32418,大卫·戈尔兹,演员
32419,哈利·海顿-佩顿,演员
32420,乔纳森·普雷斯,演员
32421,露易丝·拉塞尔,演员
32422,哈里·S·杜鲁门,演员
32423,马克·鲁弗洛,演员
32424,海利·乔·奥斯蒙,演员
32425,宫藤官九郎,演员
32426,布拉德利·斯蒂夫·福特,演员
32427,安东尼·博金斯,演员
32428,古谷彻,演员
32429,凯·伊沃·保利兹,演员
32430,垣内彩未,演员
32431,罗恩·帕金斯,演员
32432,梁田清之,演员
32433,马塞尔·达里奥,演员
32434,瓦妮莎·罗斯,演员
32435,瑞恩·菲利普,演员
32436,郑仁絮,演员
32437,格利高里·派克,演员
32438,片平渚,演员
32439,森雅之,演员
32440,威廉姆·德瓦内,演员
32441,罗根·勒曼,演员
32442,兰斯洛特·佩林,演员
32443,约翰·贝德福德·劳埃德,演员
32444,艾莉丝·布拉加,演员
32445,罗伯特·麦克纳夫顿,演员
32446,帕特·威尔士,演员
32447,李来,演员
32448,Dan Chase,演员
32449,莉娅·朱厄特,演员
32450,阿什顿·库彻,演员
32451,乔治亚·黑尔,演员
32452,加布里埃尔·伊格莱西亚斯,演员
32453,马西莫·比安奇,演员
32454,艾米·斯马特,演员
32455,克里斯汀娜·安娜波,演员
32456,桐本拓哉,演员
32457,米歇尔·莫纳汉,演员
32458,里特奇·科斯特,演员
32459,维果·莫腾森,演员
32460,江约诚,演员
32461,金素梅,演员
32462,杰里米·利里,演员
32463,Pat Conway,演员
32464,古列雷莫·迪亚兹,演员
32465,Mohammed Hassan,演员
32466,杰拉德·布什,演员
32467,弗朗索瓦·克鲁塞,演员
32468,赫伯特·克瑙普,演员
32469,南希·利内翰,演员
32470,刘斌,演员
32471,Roderic Culver,演员
32472,拉尔夫·费因斯,演员
32473,本·怀特,演员
32474,Dan Foster,演员
32475,萨曼萨·罗根,演员
32476,本杰明·米派德,演员
32477,詹妮弗·安杰尔,演员
32478,多米尼克·莫纳汉,演员
32479,Stephon Fuller,演员
32480,大家由祐子,演员
32481,莱斯利·霍华德,演员
32482,田丰,演员
32483,马提亚斯·布伦纳,演员
32484,詹妮弗·普里尔,演员
32485,玛莎·温特沃思,演员
32486,理查德·科德里,演员
32487,赵雪莹,演员
32488,约翰·比灵斯列,演员
32489,哈罗德·佩里诺,演员
32490,马修·罗伯特·凯利,演员
32491,潘迪华,演员
32492,阿格妮丝·那诺,演员
32493,罗伯特·吉尔劳姆,演员
32494,桑贾伊·达迪克,演员
32495,加藤嘉,演员
32496,达席尔·萨法瑞,演员
32497,克兰伦斯·威廉姆斯三世,演员
32498,孙渝烽,演员
32499,金士杰,演员
32500,佐伊·克罗维兹,演员
32501,辛贝·沃克,演员
32502,神户浩,演员
32503,玛格特·罗比,演员
32504,马修·莫迪恩,演员
32505,Pamela Burrell,演员
32506,危笑,演员
32507,任时完,演员
32508,约翰·库萨克,演员
32509,马修·麦克格罗里,演员
32510,午马,演员
32511,谷村美月,演员
32512,丹尼·曼恩,演员
32513,阿蜜拉·卡萨,演员
32514,卡洛斯·格拉马赫,演员
32515,Helen Tubbs,演员
32516,哈里·达文波特,演员
32517,维尔纳·德恩,演员
32518,休·杰克曼,演员
32519,吴君如,演员
32520,李子雄,演员
32521,Eric Freeman,演员
32522,保罗·伊丁,演员
32523,杰西·詹姆斯,演员
32524,鲁伯特·雷德,演员
32525,珍尼希斯·罗德里格兹,演员
32526,Fiona Bell,演员
32527,理查德·卡特,演员
32528,乔·奥菲耶里,演员
32529,黎祥荣,演员
32530,Hubert Fabian Kulterer,演员
32531,拉什·费加,演员
32532,森繁久弥,演员
32533,安东内拉·阿蒂利,演员
32534,长嶝高士,演员
32535,Harald Waiglein,演员
32536,吴启华,演员
32537,吉娜·格申,演员
32538,欧内斯特·博格宁,演员
32539,田中真弓,演员
32540,金·凯瑞,演员
32541,约翰·C·赖利,演员
32542,裴淳华,演员
32543,斯蒂芬·弗雷,演员
32544,安妮·路易丝·哈辛,演员
32545,清水萌萌子,演员
32546,Benny Golson,演员
32547,奇道,演员
32548,朗贝尔·维尔森,演员
32549,杰克·瓦尔登,演员
32550,理查德·卡斯特尔诺,演员
32551,莎莉·菲尔德,演员
32552,亚当·卡罗拉,演员
32553,梁荣忠,演员
32554,川村万梨阿,演员
32555,凯瑟琳·麦克马克,演员
32556,平采娜·乐维瑟派布恩,演员
32557,米歇尔·罗德里格兹,演员
32558,海蒂·麦克丹尼尔斯,演员
32559,杰米·肯尼迪,演员
32560,伊利亚·伍德,演员
32561,马赫什·曼杰瑞卡,演员
32562,苑琼丹,演员
32563,斯戴芬妮·斯考特,演员
32564,克里斯·埃里斯,演员
32565,武田真治,演员
32566,克雷格·沃克,演员
32567,布罗娜·加拉赫,演员
32568,井田国男,演员
32569,冈元夕纪子,演员
32570,吴念真,演员
32571,归亚蕾,演员
32572,梅·克拉克,演员
32573,艾米·瓦尔兹,演员
32574,James May,演员
32575,J·C·纽金特,演员
32576,丽芙·泰勒,演员
32577,唐宁,演员
32578,闵孝琳,演员
32579,马克·里朗斯,演员
32580,卡拉·西摩,演员
32581,卢克·霍普,演员
32582,布莱恩·考克斯,演员
32583,尚华,演员
32584,莫娜·辛格,演员
32585,马特·史密斯,演员
32586,拉丝·弗格斯托姆,演员
32587,西村雅彦,演员
32588,Elizabeth Dennehy,演员
32589,切奇·马林,演员
32590,小伊塞亚·维特洛克,演员
32591,高登·图托西斯,演员
32592,Bobby Barber,演员
32593,迈克尔·康纳·亨弗里斯,演员
32594,弗罗里安·巴西奥罗麦,演员
32595,中山美穗,演员
32596,小林薰,演员
32597,查尔斯·安德烈,演员
32598,乔·平格,演员
32599,吉里贾·奥克,演员
32600,斯图尔特·霍姆斯,演员
32601,James C. Morton,演员
32602,西莫·莫加瓦扎,演员
32603,保罗·吉亚玛提,演员
32604,曹雷,演员
32605,阿尔贝托·巴斯克斯,演员
32606,林凌雅,演员
32607,塔斯黛·韦尔德,演员
32608,George Kirby,演员
32609,加布里埃尔·曼,演员
32610,安娜·法瑞丝,演员
32611,山本圭,演员
32612,张正阳,演员
32613,尼古拉斯·霍尔特,演员
32614,阿如那,演员
32615,拉里·布兰登伯格,演员
32616,托比·海明威,演员
32617,迈克尔·加·怀特,演员
32618,保罗·梅塞,演员
32619,列维·施瑞博尔,演员
32620,克里斯托弗·邓汉,演员
32621,严崇德,演员
32622,大卫·克劳斯,演员
32623,陈冠希,演员
32624,克里斯汀·韦格,演员
32625,康拉德·韦特,演员
32626,克拉克·彼得斯,演员
32627,西村朋纮,演员
32628,汉斯·魏因加特纳,演员
32629,洛雷塔·迪瓦恩,演员
32630,沈恩京,演员
32631,伊万·斯图尔特,演员
32632,Michael Illiff,演员
32633,埃里克·德斯玛莱茨,演员
32634,艾丹·奎因,演员
32635,马克·麦考利,演员
32636,张光,演员
32637,柳好贞,演员
32638,埃帕莎·默克森,演员
32639,切斯特·康克林,演员
32640,罗伯特·帕特里克,演员
32641,亚美利哥·丰塔尼,演员
32642,Richard Ryen,演员
32643,伊莎贝尔·罗斯,演员
32644,威廉·雷德菲尔德,演员
32645,原田大二郎,演员
32646,Walter Lawrence,演员
32647,江原正士,演员
32648,劳拉·霍普·克鲁斯,演员
32649,木村佳乃,演员
32650,安娜·马尼亚尼,演员
32651,约翰·加文,演员
32652,玛格·阿夫里尔,演员
32653,西尔瓦娜·曼加诺,演员
32654,泰勒·格鲁秀斯,演员
32655,博·勒纳,演员
32656,胡枫,演员
32657,伊凡·弗雷贝利,演员
32658,弗兰克·达戈斯蒂诺,演员
32659,伊丽莎白·瑞根,演员
32660,维托里奥·德西卡,演员
32661,艾伦·阿金,演员
32662,维尔·梅里克,演员
32663,朱丽娅·斯蒂尔斯,演员
32664,布鲁斯·威利斯,演员
32665,安东尼·爱德华兹,演员
32666,冯国强,演员
32667,梅洛拉·沃尔特斯,演员
32668,阿图·斯里瓦斯塔瓦,演员
32669,杰夫·格尔林,演员
32670,法缇玛·萨那·纱卡,演员
32671,史蒂夫·萨斯坎德,演员
32672,特里·刘易斯,演员
32673,托马斯·简,演员
32674,约翰·赵,演员
32675,维尼·琼斯,演员
32676,William Hamel,演员
32677,凯文·麦克基德,演员
32678,杨同顺,演员
32679,罗里·艾伦,演员
32680,马修·卡索维茨,演员
32681,克莱顿·黑尔,演员
32682,约翰·拉岑贝格,演员
32683,马克·瑞安,演员
32684,艾伯特·德尔佩,演员
32685,张洋洋,演员
32686,丹尼尔·特鲁希特,演员
32687,Gina Gallagher,演员
32688,吉尼瓦·塔瓦尔,演员
32689,库尔特·莱特纳,演员
32690,辻亲八,演员
32691,西蒙·西涅莱,演员
32692,吉尔克里斯特·斯图尔特,演员
32693,George Marshall Ruge,演员
32694,本名阳子,演员
32695,艾丽·道克特,演员
32696,沙鲁巴·舒克拉,演员
32697,路易吉·皮斯蒂利,演员
32698,陆庆伟,演员
32699,兰斯·E·尼克尔斯,演员
32700,徐克,演员
32701,张育邦,演员
32702,姜宏波,演员
32703,葛优,演员
32704,马里奥·卡萨斯,演员
32705,加塔姆·贝鲁尔,演员
32706,Phil Dunham,演员
32707,Cyril Thornton,演员
32708,乔·洛·特鲁格里奥,演员
32709,Dariush Mokhtari,演员
32710,Kay Deslys,演员
32711,米勒德·米切尔,演员
32712,艾伯丝·戴维兹,演员
32713,约翰·诺兰,演员
32714,科斯马·肖,演员
32715,汉斯·迈尔,演员
32716,简·詹金斯,演员
32717,张璐,演员
32718,梁朝伟,演员
32719,詹妮特·蒙哥马利,演员
32720,彼得·穆兰,演员
32721,Noam Morgensztern,演员
32722,阿尔·欧内斯特·加西亚,演员
32723,让·迦本,演员
32724,阿雅·卡什,演员
32725,希芳·法隆,演员
32726,保罗·贝坦尼,演员
32727,杰森·霍顿,演员
32728,杨恭如,演员
32729,西蒙·法戈特,演员
32730,凯瑞-安·莫斯,演员
32731,丽贝卡·豪尔,演员
32732,卢燕,演员
32733,大卫·鲍伊,演员
32734,霍尔迪·布鲁内特,演员
32735,比尔·帕克斯顿,演员
32736,阿提拉·埃杰德,演员
32737,安德鲁·麦克唐纳,演员
32738,大卫·海曼,演员
32739,George M. Carleton,演员
32740,安部春香,演员
32741,内山昂辉,演员
32742,阿卜杜勒·萨拉姆·埃尔·拉扎克,演员
32743,爱德华·詹姆斯·奥莫斯,演员
32744,阿里-阿萨哈·萨哈巴齐,演员
32745,琼·库萨克,演员
32746,山姆·洛克威尔,演员
32747,索菲亚·伊斯皮诺萨,演员
32748,特里-托马斯,演员
32749,张一白,演员
32750,串田和美,演员
32751,Diabolo,演员
32752,沙哈布·侯赛尼,演员
32753,鲁奇娅·伯纳德,演员
32754,Tabetha Thomas,演员
32755,兰斯·霍华德,演员
32756,仲代达矢,演员
32757,Frank Whitbeck,演员
32758,吴孟达,演员
32759,平野贵裕,演员
32760,萨拉·西尔弗曼,演员
32761,塔拉吉·P·汉森,演员
32762,迪布拉·穆尼,演员
32763,罗南·鲁宾斯坦,演员
32764,伊莱亚斯·科泰斯,演员
32765,Kamal Mirkarimi,演员
32766,冈田将生,演员
32767,大卫·沃纳,演员
32768,雨果·阿姆斯特朗,演员
32769,丹尼尔·海尼,演员
32770,Lachy Hulme,演员
32771,林雪,演员
32772,佛莱德·威拉特,演员
32773,阿尔·伯恩,演员
32774,本尼迪克特·康伯巴奇,演员
32775,迈克尔·康特里曼,演员
32776,阿丽西丝·索普,演员
32777,李·阿斯奎斯-柯,演员
32778,张景素,演员
32779,成田凌,演员
32780,Jeanne Coyne,演员
32781,贾康熙,演员
32782,劳拉·邓恩,演员
32783,槐柳二,演员
32784,本·贝尔特,演员
32785,Karl Bruckschwaiger,演员
32786,阿什利·詹森,演员
32787,珍妮·斯蕾特,演员
32788,卡罗琳·莎士比亚-艾伦,演员
32789,伊文娜·林奇,演员
32790,露塞尔·沃特森,演员
32791,斯坦利·图齐,演员
32792,谷川清美,演员
32793,赫伯特·西古恩萨,演员
32794,佩里·米尔沃德,演员
32795,尾形一成,演员
32796,赞恩·阿尔·拉菲亚,演员
32797,弗兰科·梅斯科利尼,演员
32798,袁祥仁,演员
32799,田中秀幸,演员
32800,艾米·汉莫,演员
32801,何塞·科罗纳多,演员
32802,博瑞·伦贝里,演员
32803,金甫美,演员
32804,马明威,演员
32805,莉莲·肯布尔-库珀,演员
32806,大塚明夫,演员
32807,埃德加·拉米雷兹,演员
32808,凯尔·钱德勒,演员
32809,肖恩·康纳利,演员
32810,David Hausen,演员
32811,爱德华多·莱奥,演员
32812,韩彦博,演员
32813,埃里克·约翰逊,演员
32814,郑秀文,演员
32815,石田百合子,演员
32816,保罗·吉尔福伊尔,演员
32817,William Edmunds,演员
32818,麦克·韦柏,演员
32819,文森佐·尼克力,演员
32820,肖恩·宾,演员
32821,张曼玉,演员
32822,贾米·埃曼,演员
32823,迈克尔·凯恩,演员
32824,马格努斯·诺兰,演员
32825,威廉·赫特,演员
32826,J·道格拉斯·斯图瓦特,演员
32827,丹尼·格洛弗,演员
32828,汤屋敦子,演员
32829,李连义,演员
32830,克里·杜瓦尔,演员
32831,梅娜·马里克,演员
32832,瑛太,演员
32833,迈克尔·西里尔·克赖顿,演员
32834,乔什·卢卡斯,演员
32835,威廉姆·卡特,演员
32836,刘钦,演员
32837,罗德里戈·桑托罗,演员
32838,信泽三惠子,演员
32839,比尔·欧文,演员
32840,连晋,演员
32841,井上喜久子,演员
32842,亚当·诺威尔,演员
32843,恩佐·卡拉瓦勒,演员
32844,吉田理保子,演员
32845,王渝文,演员
32846,沃尔特·多纳多,演员
32847,圣·耶拉莫斯,演员
32848,钱耀荣,演员
32849,曹西安,演员
32850,袁满,演员
32851,陈述,演员
32852,邬君梅,演员
32853,多米尼克·斯万,演员
32854,迈克尔·佩纳,演员
32855,Lowden Adams,演员
32856,蒂姆·科勒赫,演员
32857,凯西·贝茨,演员
32858,佐藤允,演员
32859,瑞恩·高斯林,演员
32860,西蒙·德兰尼,演员
32861,阿米尔·汗,演员
32862,利亚姆·图伊,演员
32863,大塚芳忠,演员
32864,哥德昂·布克哈德,演员
32865,杰瑞米·艾恩斯,演员
32866,谢拉·汉考克,演员
32867,埃迪·马森,演员
32868,亚历克斯·霍,演员
32869,钱似莺,演员
32870,帕丽斯·冯·戴克,演员
32871,保罗·古德勒支,演员
32872,Jimmy Aubrey,演员
32873,马丁·弗瑞曼,演员
32874,袁丁,演员
32875,史蒂芬·威丁顿,演员
32876,索·豪黑,演员
32877,山姆·道格拉斯,演员
32878,查特里娜·拉松,演员
32879,库玛·帕拉纳,演员
32880,乔治·张,演员
32881,谷山纪章,演员
32882,吴镇宇,演员
32883,里尼·贝尔,演员
32884,细井治,演员
32885,朱莉娅·奥蒙德,演员
32886,木村凯拉,演员
32887,克塞尼亚·索罗,演员
32888,詹姆斯·瑞布霍恩,演员
32889,约翰·斯洛斯,演员
32890,Charles Irwin,演员
32891,雪莉·亨德森,演员
32892,Lisa Brinegar,演员
32893,凯尔·赫伯特,演员
32894,丹尼尔·逊亚塔,演员
32895,杰米·谢尔丹,演员
32896,雷吉·奥斯汀,演员
32897,郑希怡,演员
32898,路易莎·莫里茨,演员
32899,特德·曼森,演员
32900,米歇尔·威廉姆斯,演员
32901,刘桦,演员
32902,史蒂文·布里尔,演员
32903,威廉·达尔,演员
32904,巴斯蒂安·特罗斯特,演员
32905,阿道夫·希特勒,演员
32906,托马斯·马里亚诺,演员
32907,堀秀行,演员
32908,杰夫·赫普内尔,演员
32909,川岛得爱,演员
32910,威廉·菲德内尔,演员
32911,美琳达·麦格劳,演员
32912,苏茜·爱米斯,演员
32913,多米尼克·博夫,演员
32914,斯科特·安德森,演员
32915,茹塔·李,演员
32916,罗彼·考特拉尼,演员
32917,代尔·戴,演员
32918,伊安·布尔费尔德,演员
32919,加斯通·莫辛,演员
32920,本杰明·布拉特,演员
32921,史蒂夫·布西密,演员
32922,苗圃,演员
32923,詹姆斯·麦斯登,演员
32924,乔治·坎塔里尼,演员
32925,释彦能,演员
32926,阿拉·乔什涅,演员
32927,诺亚·尤佩,演员
32928,瑞安·克茨纳,演员
32929,内森·甘宝,演员
32930,风吹淳,演员
32931,菲利普·伯格,演员
32932,Manolo Garcia,演员
32933,托马斯·蒂梅,演员
32934,丹·芬纳蒂,演员
32935,凯特林·迪亚斯,演员
32936,希拉里·沙普兰,演员
32937,张华,演员
32938,艾恩·贝利,演员
32939,艾米莉娅·福克斯,演员
32940,达兰妮·弗鲁格,演员
32941,贾梅尔·杜布兹,演员
32942,邹兆龙,演员
32943,托妮·科莱特,演员
32944,丹尼·马斯特森,演员
32945,劳拉·拉芙蕾丝,演员
32946,地亚哥·詹蒂莱,演员
32947,克莱尔·吉尔蕾,演员
32948,肖恩·布里吉格斯,演员
32949,卢卡斯·赫奇斯,演员
32950,泰·孔西利奥,演员
32951,宝拉·佩尔,演员
32952,阿贝·维高达,演员
32953,加布里埃尔·戈班,演员
32954,厄尔·卡梅伦,演员
32955,艾伦·格里尼,演员
32956,多丽丝·劳埃德,演员
32957,陈志辉,演员
32958,克拉克·杜克,演员
32959,凯莉·唐纳利,演员
32960,安东尼·希尔德,演员
32961,大卫·哈伯,演员
32962,唐·里克斯,演员
32963,艾萨·丹尼埃利,演员
32964,玛丽昂·歌迪亚,演员
32965,Lou Marcelle,演员
32966,乔纳森·哈根森,演员
32967,阿兰娜·乌巴赫,演员
32968,李静,演员
32969,布莱斯·吉扎尔,演员
32970,安东尼·泽比,演员
32971,玛蒂尔德·皮亚纳,演员
32972,贾致钢,演员
32973,塞伦·希德,演员
32974,小佩德罗·阿门达里斯,演员
32975,C.奥布雷·史密斯,演员
32976,Jamiel Hasson,演员
32977,玛丽亚·雪儿,演员
32978,威廉姆·H·梅西,演员
32979,陈希圣,演员
32980,理查德·约翰逊,演员
32981,饭冢雅弓,演员
32982,约翰·马奥尼,演员
32983,大仓正章,演员
32984,布鲁斯·斯宾斯,演员
32985,丹妮尔·罗丝·拉塞尔,演员
32986,Mohammad-Hasan Hosseinian,演员
32987,詹姆斯·布洛林,演员
32988,伊丽莎白·格瑞斯,演员
32989,苟杰德,演员
32990,里佐·弗雷多里佐,演员
32991,宫泽理惠,演员
32992,杨静怡,演员
32993,马库斯·亨德森,演员
32994,宋怀桂,演员
32995,查德·斯塔赫斯基,演员
32996,麦活·米泰尔,演员
32997,Xenia Kalogeropoulou,演员
32998,胡丽叶塔·泽尔贝伯格,演员
32999,玛丽·爱丽丝,演员
33000,常田富士男,演员
33001,杰克·塔尔登,演员
33002,尼可莱塔·布拉斯基,演员
33003,布兰登·斯考特,演员
33004,陈捷文,演员
33005,武藤寿美,演员
33006,杰西卡·凯特·梅耶尔,演员
33007,凯文·科斯特纳,演员
33008,刘小宁,演员
33009,严志媛,演员
33010,Tiny Sandford,演员
33011,克里斯·鲍尔,演员
33012,罗斯科·阿巴克尔,演员
33013,Marco Tulli,演员
33014,麦肯吉·弗依,演员
33015,吉莉安·普法夫,演员
33016,王海,演员
33017,戴安·琳恩,演员
33018,柯素云,演员
33019,蔡少芬,演员
33020,今井麻美,演员
33021,Virginia Carroll,演员
33022,梁佩诗,演员
33023,严孝燮,演员
33024,雷·利奥塔,演员
33025,理查德·赖丁斯,演员
33026,余文乐,演员
33027,佩蒂塔·维克斯,演员
33028,若昂·科斯塔·梅内塞斯,演员
33029,约瑟夫·高登-莱维特,演员
33030,多布杰,演员
33031,杰森·麦克奎尔,演员
33032,长泽雅美,演员
33033,Victoria Price,演员
33034,弗兰西丝·奥康纳,演员
33035,劳恩·迪恩,演员
33036,威廉希路,演员
33037,苏珊娜·洛塔尔,演员
33038,谭志刚,演员
33039,温水洋一,演员
33040,李·厄米,演员
33041,周嘉玲,演员
33042,泰勒·吉蕾,演员
33043,琳恩·史密斯,演员
33044,杰克·达文波特,演员
33045,伯纳德·希尔,演员
33046,施融,演员
33047,胡庆汉,演员
33048,斯嘉丽·约翰逊,演员
33049,罗伯特·杜瓦尔,演员
33050,Frank Mazzola,演员
33051,Alex Moore,演员
33052,香川照之,演员
33053,奥斯卡·波尔克,演员
33054,王涛,演员
33055,Charles La Torre,演员
33056,岩崎征实,演员
33057,罗伯托·贝尼尼,演员
33058,欧鲁米基·欧拉乌米,演员
33059,汤姆·罗斯奎,演员
33060,阿什·马赫什·舍德卡,演员
33061,约翰尼·李·米勒,演员
33062,维托里奥·加斯曼,演员
33063,大卫·李·史密斯,演员
33064,卡拉·奥奇格罗索,演员
33065,埃德蒙·莫蒂默,演员
33066,赵文瑄,演员
33067,George Sorel,演员
33068,威尔·萨姆森,演员
33069,文斯·沃恩,演员
33070,泽口靖子,演员
33071,萨布丽娜·格德维奇,演员
33072,董志华,演员
33073,夏木真理,演员
33074,Kevin Fernandes,演员
33075,埃里克斯·劳瑟,演员
33076,勒兰德·奥瑟,演员
33077,三木真一郎,演员
33078,莎拉·威多斯,演员
33079,鹫尾真知子,演员
33080,鳕子,演员
33081,花泽香菜,演员
33082,拉塞尔·皮特斯,演员
33083,市川实日子,演员
33084,刘家辉,演员
33085,杨瑜珍,演员
33086,亨利·伯格曼,演员
33087,丹尼尔·布鲁尔,演员
33088,汤姆·康威,演员
33089,弗里德里克·贝希特,演员
33090,史蒂芬·朗,演员
33091,Alexander Pollard,演员
33092,弗兰克·约翰·休斯,演员
33093,安昭熙,演员
33094,亚历克斯·马努吉安,演员
33095,菲利普·努瓦雷,演员
33096,グレート義太夫,演员
33097,郑仁仙,演员
33098,伊扎贝拉·维多维奇,演员
33099,土井美加,演员
33100,弗兰科·内罗,演员
33101,大卫·哈雷伍德,演员
33102,耐德·巴拉米,演员
33103,伊夫林·凯耶斯,演员
33104,柄本明,演员
33105,麦人,演员
33106,詹姆斯·柯本,演员
33107,Chad Christ,演员
33108,鲁道夫·瓦伦蒂诺,演员
33109,F·默里·亚伯拉罕,演员
33110,下崎纮史,演员
33111,吉姆·卡维泽,演员
33112,雷汉,演员
33113,卡兰·麦克奥利菲,演员
33114,休·格兰特,演员
33115,路易斯梅西埃,演员
33116,博纳德·福克斯,演员
33117,瑞安·柯尔,演员
33118,Dan Stanton,演员
33119,小林优子,演员
33120,约翰·库宁汉姆,演员
33121,弗朗西丝卡·德·萨维奥,演员
33122,乔什·库雷,演员
33123,崔宇植,演员
33124,罗宾·怀特,演员
33125,玛娅·鲁道夫,演员
33126,马克西米利安·福尔马尔,演员
33127,坦娅·克拉克,演员
33128,约翰·弗劳思,演员
33129,普特鹏·普罗萨卡·那·萨克那卡林,演员
33130,乔纳森·海德,演员
33131,Margaret Eginton,演员
33132,吉尔·巴罗尼,演员
33133,维拉·法米加,演员
33134,陈国坤,演员
33135,埃弗雷特·布朗,演员
33136,伊萨·巴尔齐扎,演员
33137,凯斯·大卫,演员
33138,格雷格·福西特,演员
33139,莱昂纳多·斯巴拉格利亚,演员
33140,加东大介,演员
33141,艾琳·戈洛瓦娅,演员
33142,汤姆·费尔顿,演员
33143,Steffi Duna,演员
33144,约翰·霍奇,演员
33145,弗洛拉·吉耶,演员
33146,Bret A. Arnold,演员
33147,丹尼尔C.斯瑞派克,演员
33148,吉塔·施维赫夫,演员
33149,鲍勃·彼德森,演员
33150,史蒂芬·鲍德温,演员
33151,艾丽莎·奈特,演员
33152,Gabriella Di Luzio,演员
33153,谢丽尔·霍华德,演员
33154,苏秀,演员
33155,B·J·诺瓦克,演员
33156,宫下荣治,演员
33157,刘广宁,演员
33158,田口智朗,演员
33159,杰米·钟,演员
33160,托比亚斯·阿姆博瑞,演员
33161,J·D·埃弗摩尔,演员
33162,乌比·戈德堡,演员
33163,芙蕾达·平托,演员
33164,任素汐,演员
33165,安妮·海瑟薇,演员
33166,切尔西·赫特福德,演员
33167,彼得·舒鲁姆,演员
33168,乔治·J·刘易斯,演员
33169,约翰尼·德普,演员
33170,赛琳娜·露娜,演员
33171,罗伯塔·马克斯韦尔,演员
33172,赵文卓,演员
33173,巩俐,演员
33174,唐纳德·萨瑟兰,演员
33175,苏珊妮·谢泼德,演员
33176,尼尔·哈夫,演员
33177,尼古拉·迪·平托,演员
33178,姚橹,演员
33179,盐屋翼,演员
33180,戴维·迈克尔·西尔弗曼,演员
33181,Amber Havens,演员
33182,多姆纳尔·格里森,演员
33183,糸井重里,演员
33184,巴特弗莱·麦昆,演员
33185,Harry Cody,演员
33186,詹妮弗·李·杰克逊,演员
33187,亚历桑德拉·鲍尔斯,演员
33188,德博拉·麦克蒂尔,演员
33189,辻村真人,演员
33190,埃文·哈特,演员
33191,杰西卡·兰格,演员
33192,克里斯汀·艾斯布鲁克,演员
33193,露琪亚·萨多,演员
33194,杜威·罗宾逊,演员
33195,千秋实,演员
33196,罗伯特·比提,演员
33197,辰己努,演员
33198,艾莉·布莱恩特,演员
33199,汉诺·波西尔,演员
33200,理查德·E·格兰特,演员
33201,萨玛拉·维文,演员
33202,劳伦·辛克莱尔,演员
33203,倪大红,演员
33204,李丹,演员
33205,托马斯·克莱舒曼,演员
33206,杜安·蔡斯,演员
33207,高山南,演员
33208,光石研,演员
33209,威尔·阿奈特,演员
33210,克劳德·雷恩斯,演员
33211,内特·托伦斯,演员
33212,朱咪咪,演员
33213,克里斯托弗·普卢默,演员
33214,威廉·博恩凯塞尔,演员
33215,克劳斯·芒斯特,演员
33216,斯汀,演员
33217,理查德·希夫,演员
33218,彼德·考约特,演员
33219,沙拉·鲁宾,演员
33220,玛德琳·勒博,演员
33221,玛德琳·雅各布松,演员
33222,堀胜之祐,演员
33223,杰西卡·施瓦茨,演员
33224,平松晶子,演员
33225,维克托瓦尔·杜·波依斯,演员
33226,阿锡娜·瑞秋·特桑阿里,演员
33227,帕科·图斯,演员
33228,玛德琳·卡罗尔,演员
33229,兰斯·富勒,演员
33230,吉安卡罗·埃斯波西托,演员
33231,费拉斯·迪拉尼,演员
33232,安妮卡·彼得森,演员
33233,保罗·赫斯特,演员
33234,孙佳君,演员
33235,哈特利·鲍尔,演员
33236,史蒂夫·茨恩,演员
33237,艾伦·伯斯汀,演员
33238,赫尔穆特·丹丁,演员
33239,史蒂夫·卡瑞尔,演员
33240,约翰·达根,演员
33241,凯瑞·康顿,演员
33242,索拉·伯奇,演员
33243,卡琳娜·卡普尔,演员
33244,穆瓦科·卡姆布卡,演员
33245,比尔·努恩,演员
33246,肖恩·沙利文,演员
33247,迪尔克·范登贝格,演员
33248,杨文元,演员
33249,埃德·斯托帕德,演员
33250,肖恩·安东尼·莫兰,演员
33251,波伊德·霍布鲁克,演员
33252,迈克尔·斯图巴,演员
33253,卢·帕尔特,演员
33254,罗宾·威廉姆斯,演员
33255,奥斯卡·马丁内兹,演员
33256,宫西美奈子,演员
33257,约翰·浩克斯,演员
33258,梁正晖,演员
33259,马修·阿马立克,演员
33260,Ksenia Jarova,演员
33261,艾伦·瑞克曼,演员
33262,迈克尔·卡切克,演员
33263,弗兰克·赛格,演员
33264,中川雅也,演员
33265,Lotte Palfi Andor,演员
33266,阿妮妲·扎格利亚,演员
33267,玛丽娅·玛努尔,演员
33268,朱宝意,演员
33269,郭度沅,演员
33270,Charles Hambleton,演员
33271,麦斯·米科尔森,演员
33272,利昂·贝拉斯科,演员
33273,萨米·纳塞利,演员
33274,彼得·德·席尔瓦,演员
33275,理查德·海顿,演员
33276,让-巴蒂斯特·莫尼耶,演员
33277,陈坤,演员
33278,罗伯特·福捷,演员
33279,迈克·拉里,演员
33280,Tex Rubinowitz,演员
33281,柯克·道格拉斯,演员
33282,旺妲·卡布里奥罗,演员
33283,西戈德·拉普,演员
33284,Bernard Sell,演员
33285,安娜·福列塔,演员
33286,安吉拉·卡特怀特,演员
33287,沃尔顿·戈金斯,演员
33288,斯特里奥·萨万特,演员
33289,西恩·海耶斯,演员
33290,兰·卡琉,演员
33291,朗·霍华德,演员
33292,卡尔文·C·温布什,演员
33293,丹尼·库克塞,演员
33294,小野武彦,演员
33295,维克·萨海,演员
33296,荒川良良,演员
33297,丹兰·布鲁诺,演员
33298,丹格里芬,演员
33299,弗兰克·奥兹,演员
33300,伍迪·哈里森,演员
33301,周润发,演员
33302,Eleanor Stewart,演员
33303,奥德雷·弗勒罗,演员
33304,肖恩·比格斯代夫,演员
33305,神木隆之介,演员
33306,米切尔·马伦,演员
33307,克里斯·马歇尔,演员
33308,Jean De Briac,演员
33309,斯宾塞·屈塞,演员
33310,帕特丽夏·伦茨,演员
33311,朴努植,演员
33312,岛本须美,演员
33313,新鹿由美子,演员
33314,阿那托利·萨加洛维奇,演员
33315,雪拉·渥德,演员
33316,达伦·奥曼迪,演员
33317,托尼·托德,演员
33318,吉恩·坎菲尔德,演员
33319,道恩·艾达丝,演员
33320,元华,演员
33321,吉娜·托瑞斯,演员
33322,兰道尔·爱德华,演员
33323,安德鲁·凯文·沃克,演员
33324,冈本玉二,演员
33325,Bette Arlen,演员
33326,喜子,演员
33327,查理·卓别林,演员
33328,山下容莉枝,演员
33329,马科森斯·珀林,演员
33330,黛安·基顿,演员
33331,路易·德·菲奈斯,演员
33332,乔治·里弗斯,演员
33333,米歇尔·莫多,演员
33334,伊冯娜·桑松,演员
33335,Katelyn Pacitto,演员
33336,富润生,演员
33337,迈克·马斯喀特,演员
33338,斯特林·海登,演员
33339,史蒂夫·哈里斯,演员
33340,特拉沃·摩根,演员
33341,内藤刚志,演员
33342,阿尔伯特·芬尼,演员
33343,理查德·劳斯伯格,演员
33344,Edward LeSaint,演员
33345,柯宇纶,演员
33346,裴魁山,演员
33347,王彤川,演员
33348,洛莱拉·克拉沃塔,演员
33349,田中要次,演员
33350,雅克·博杜因,演员
33351,斯科特·肖,演员
33352,詹姆斯·瑞马尔,演员
33353,碧翠斯·马科拉,演员
33354,里奥.G.卡罗尔,演员
33355,黄斐,演员
33356,Florine McKinney,演员
33357,理查德·坎德,演员
33358,格雷格·比姆,演员
33359,孔侑,演员
33360,德拉·萨巴,演员
33361,熊欣欣,演员
33362,卡赖伯·兰德里·琼斯,演员
33363,秋元羊介,演员
33364,初井言荣,演员
33365,蒂姆·罗斯,演员
33366,乔治·马奎尔,演员
33367,铃木庆一,演员
33368,詹姆斯·斯图尔特,演员
33369,乔·大卫·摩尔,演员
33370,Dominik Castell,演员
33371,田中祥平,演员
33372,穆琳·利普曼,演员
33373,丹·陈,演员
33374,雷蒙德·S·佩尔西,演员
33375,吴淑昆,演员
33376,凯德·麦拉德,演员
33377,John Albright,演员
33378,亚美莉卡·费雷拉,演员
33379,中村梨香,演员
33380,保罗·考尔德伦,演员
33381,托托,演员
33382,凯利·蕾莉,演员
33383,罗伯特·泰勒,演员
33384,韦尔达·布里奇斯,演员
33385,艾德·奥尼尔,演员
33386,安迪·加西亚,演员
33387,冯小刚,演员
33388,金贤秀,演员
33389,塞缪尔·杰克逊,演员
33390,史蒂夫·格里芬,演员
33391,彼得·杰克林,演员
33392,加里·库珀,演员
33393,兰德·布鲁克斯,演员
33394,文·瑞姆斯,演员
33395,泰瑞·佛瑞斯塔,演员
33396,罗伯特·肖恩·莱纳德,演员
33397,丹尼斯·海斯伯特,演员
33398,凯撒·博尔东,演员
33399,曼迪·帕廷金,演员
33400,Dan Seymour,演员
33401,杰米·哈里斯,演员
33402,Megan Gay,演员
33403,沃伦·克拉克,演员
33404,丹尼尔·吉尔森,演员
33405,黛娅娜·欧特里,演员
33406,邓一君,演员
33407,利迪娅·阿方西,演员
33408,杰罗姆·兰福特,演员
33409,泰迪·牛顿,演员
33410,黄文捷,演员
33411,Angelo Di Loreta,演员
33412,布赖恩·戴拉特,演员
33413,大卫·奥哈拉,演员
33414,Harry Allen,演员
33415,伊瑟尔·布罗萨德,演员
33416,王伟顺,演员
33417,西奥·格林利,演员
33418,陈莲梅,演员
33419,雅尼卡·桑普蕾舞,演员
33420,朱利亚娜·洛约迪切,演员
33421,杰克尔·法尔斯特伦,演员
33422,梁冬,演员
33423,野本萤,演员
33424,亚伯拉罕·阿罗诺夫斯基,演员
33425,陈湘琪,演员
33426,科菲·斯里博伊,演员
33427,伊尼戈·加斯特西,演员
33428,雷格·E·凯蒂,演员
33429,斯科特·安第斯,演员
33430,沃德·邦德,演员
33431,乔治·米克,演员
33432,德里克·李,演员
33433,三浦浩一,演员
33434,克洛德·佩隆,演员
33435,米兰达·诺兰,演员
33436,Brandon Beach,演员
33437,柯特·富勒,演员
33438,艾瑞克·阿瓦利,演员
33439,土师孝也,演员
33440,保罗·亨雷德,演员
33441,斯塔尔勒塔·杜波利斯,演员
33442,石川界人,演员
33443,南宝拉,演员
33444,杰拉德·巴特勒,演员
33445,Marston Fobbs,演员
33446,肯·科齐格,演员
33447,詹姆斯·加纳,演员
33448,邱岳峰,演员
33449,Madeleine Rakic-Platt,演员
33450,蕾拉·哈塔米,演员
33451,法利·格兰杰,演员
33452,埃迪·艾伯特,演员
33453,加布里埃尔·安瓦尔,演员
33454,井上优,演员
33455,斯科特·麦克纳里,演员
33456,片桐入,演员
33457,约翰·雷吉扎莫,演员
33458,约翰·韦恩,演员
33459,乔西·查尔斯,演员
33460,加藤有花,演员
33461,山本圭子,演员
33462,广末凉子,演员
33463,彼得·盖勒,演员
33464,肖恩·哈珀,演员
33465,大竹忍,演员
33466,霍拉提奥·桑斯,演员
33467,弗莱德·克莱恩,演员
33468,伯纳德·怀特,演员
33469,马西莫·吉洛蒂,演员
33470,科尔·豪瑟,演员
33471,Sidney Cole,演员
33472,沃尔特·詹姆斯,演员
33473,阿尔·卡尔德隆,演员
33474,日高法子,演员
33475,王玨,演员
33476,巴巴拉·莱涅,演员
33477,Louis Zorich,演员
33478,尼诺·戴罗佐,演员
33479,瑞秋·麦克亚当斯,演员
33480,布丽姬·穆娜,演员
33481,乔纳森·伊万斯-琼斯,演员
33482,瓦莱里奥·马斯坦德雷亚,演员
33483,柳承龙,演员
33484,玛丽安·普莱施泰格,演员
33485,梅森·甘布,演员
33486,科鲁姆·费奥瑞,演员
33487,Arthur Dulac,演员
33488,纳菲丝·贾法-穆罕默迪,演员
33489,蒂莫西·斯波,演员
33490,卢克·布雷西,演员
33491,肯尼斯·崔,演员
33492,凯尔·麦克拉克伦,演员
33493,费雯·丽,演员
33494,珍妮特·萨诺,演员
33495,卡梅隆·布莱特,演员
33496,田中裕子,演员
33497,彼得·斯皮尔斯,演员
33498,麦温,演员
33499,克里斯托弗·沃尔兹,演员
33500,肯纳G.肯普,演员
33501,派珀·佩拉博,演员
33502,保罗·麦克兰尼,演员
33503,清水尚弥,演员
33504,威尔弗雷德·卢卡斯,演员
33505,李·范·克里夫,演员
33506,罗伊·辛尼斯,演员
33507,赫尔穆特·施奈德,演员
33508,Masume Dair,演员
33509,亨利·尼克松,演员
33510,北浦爱,演员
33511,石田卓也,演员
33512,Richard O'Barry,演员
33513,马龙·韦恩斯,演员
33514,亚历桑德罗·尼沃拉,演员
33515,约翰·克立斯,演员
33516,郭涛,演员
33517,童弟,演员
33518,李海滨,演员
33519,克里斯·库珀,演员
33520,列昂尼德·金斯基,演员
33521,丹尼尔·切尔奎拉,演员
33522,理查德·格拉翰,演员
33523,詹森·舒瓦兹曼,演员
33524,马丁·哈伯,演员
33525,比利·赞恩,演员
33526,威廉·达福,演员
33527,乔治·汉密尔顿,演员
33528,乔·莫顿,演员
33529,琳达·汉密尔顿,演员
33530,大卫·麦克库利,演员
33531,德里克·雅各比,演员
33532,张耀扬,演员
33533,黄秋生,演员
33534,德克斯特·弗莱彻,演员
33535,希·庞德,演员
33536,约丹诺斯·希费罗,演员
33537,Jean Heremans,演员
33538,松冈茉优,演员
33539,石山雄大,演员
33540,德井优,演员
33541,Hendrik Arnst,演员
